"","orig.ident","nCount_RNA","nFeature_RNA","percent.mt","RNA_snn_res.0.5","seurat_clusters","SingleR.labels"
"AAACCCAGTCTTCGAA-1","NSCLC",29879,5257,2.6071823019512,"0","0","Epithelial_cells"
"AAACCCATCACATACG-1","NSCLC",20337,5597,0.481880316664208,"0","0","Epithelial_cells"
"AAACGAAAGCCTAACT-1","NSCLC",23581,4144,3.18052669522073,"4","4","Macrophage"
"AAACGCTAGACAGTCG-1","NSCLC",3409,1044,3.4320915224406,"3","3","T_cells"
"AAACGCTCAGCAAGAC-1","NSCLC",12657,3464,1.09820652603303,"0","0","Epithelial_cells"
"AAACGCTGTGGCTGAA-1","NSCLC",36055,5715,6.02135626126751,"1","1","Monocyte"
"AAAGTCCGTGAATGTA-1","NSCLC",19065,4079,9.16338840807763,"0","0","Epithelial_cells"
"AAAGTCCTCAACGCTA-1","NSCLC",7764,2646,2.88511076764554,"7","7","Tissue_stem_cells"
"AAAGTCCTCAGGCGAA-1","NSCLC",33209,4993,4.78785871299949,"0","0","Epithelial_cells"
"AAAGTGAGTACCTAAC-1","NSCLC",4286,1473,7.58282781147923,"3","3","T_cells"
"AAAGTGAGTTGCTGAT-1","NSCLC",2650,1139,9.9622641509434,"3","3","T_cells"
"AAAGTGATCAAGTCTG-1","NSCLC",13711,3449,8.23426445919335,"4","4","Macrophage"
"AAAGTGATCGTGGGTC-1","NSCLC",4390,1507,6.69703872437358,"3","3","T_cells"
"AACAACCAGACCAAAT-1","NSCLC",37916,2447,0.722650068572634,"6","6","B_cell"
"AACAACCAGATGGCAC-1","NSCLC",3344,1505,5.59210526315789,"3","3","T_cells"
"AACAACCCACCGTCGA-1","NSCLC",23235,4780,4.58790617602754,"1","1","Epithelial_cells"
"AACAACCCACGTGTGC-1","NSCLC",3856,1483,5.65352697095436,"2","2","T_cells"
"AACAACCTCATTCGTT-1","NSCLC",7873,2774,4.33125873237648,"1","1","T_cells"
"AACAAGAAGCCGGATA-1","NSCLC",4094,1303,3.19980459208598,"3","3","T_cells"
"AACAAGAAGCTCTTCC-1","NSCLC",22704,4486,1.61645525017618,"0","0","Epithelial_cells"
"AACAAGAAGTGGTTAA-1","NSCLC",21552,4781,4.38010393466964,"1","1","Epithelial_cells"
"AACAAGACACGTACAT-1","NSCLC",4295,1561,7.70663562281723,"2","2","NK_cell"
"AACAAGACACTCCGGA-1","NSCLC",15016,3317,7.71177410761854,"4","4","Macrophage"
"AACACACAGAATTTGG-1","NSCLC",3461,1386,0.462294134643167,"2","2","T_cells"
"AACACACCACTACTTT-1","NSCLC",3952,1656,1.21457489878543,"3","3","T_cells"
"AACACACTCTCCCAAC-1","NSCLC",8439,2586,3.60232255006517,"1","1","Epithelial_cells"
"AACAGGGTCGCGATCG-1","NSCLC",24407,5025,5.25259146966034,"0","0","Epithelial_cells"
"AACAGGGTCGGCTGAC-1","NSCLC",11537,3067,3.31108607090231,"7","7","Tissue_stem_cells"
"AACCACAGTTCTCTCG-1","NSCLC",5611,1800,3.36838353234718,"5","5","T_cells"
"AACCATGGTACGAGCA-1","NSCLC",9767,1965,3.24562301627931,"8","8","Monocyte"
"AACCTGATCGTGGTAT-1","NSCLC",11680,2486,6.08732876712329,"4","4","Monocyte"
"AACCTTTTCACGTCCT-1","NSCLC",3690,1493,3.17073170731707,"2","2","T_cells"
"AACGAAATCACAGAGG-1","NSCLC",7495,2542,9.12608405603736,"1","1","Epithelial_cells"
"AACGGGAGTACCCAGC-1","NSCLC",3829,1462,4.72708278924001,"5","5","T_cells"
"AACTTCTAGTGCTACT-1","NSCLC",3096,1350,0.839793281653747,"3","3","T_cells"
"AACTTCTAGTTGAAGT-1","NSCLC",11249,2673,0.408925237798915,"1","1","Epithelial_cells"
"AAGAACAAGGAGAATG-1","NSCLC",6441,2018,8.49247011333644,"3","3","T_cells"
"AAGAACAGTTGTTTGG-1","NSCLC",6698,2103,1.59749178859361,"1","1","Epithelial_cells"
"AAGACTCAGCATTTCG-1","NSCLC",5659,1789,8.62343170171408,"2","2","T_cells"
"AAGACTCGTCGGTGAA-1","NSCLC",22760,4339,3.37434094903339,"0","0","Epithelial_cells"
"AAGATAGAGACCAGCA-1","NSCLC",42377,5751,2.48247870307006,"1","1","iPS_cells"
"AAGCATCAGCGGTATG-1","NSCLC",4096,1271,7.0556640625,"3","3","T_cells"
"AAGCATCCACCTGTCT-1","NSCLC",11118,3469,2.27558913473646,"7","7","Fibroblasts"
"AAGCATCTCCAACCAA-1","NSCLC",2840,1431,6.02112676056338,"2","2","T_cells"
"AAGCCATAGAGTACCG-1","NSCLC",4068,1461,1.25368731563422,"3","3","T_cells"
"AAGCCATGTAATGCTC-1","NSCLC",35162,2312,1.1660315112906,"6","6","B_cell"
"AAGCGTTAGGTAAGGA-1","NSCLC",567,459,1.41093474426808,"3","3","NK_cell"
"AAGCGTTGTCCTACAA-1","NSCLC",4841,947,6.79611650485437,"6","6","B_cell"
"AAGGAATAGCCTGAGA-1","NSCLC",7737,2042,8.03929171513506,"0","0","Epithelial_cells"
"AAGTACCTCGTTCCTG-1","NSCLC",1641,826,2.07190737355271,"3","3","T_cells"
"AAGTCGTTCTGCATGA-1","NSCLC",13467,3515,2.30934877849558,"0","0","Epithelial_cells"
"AAGTGAAGTTCTAAGC-1","NSCLC",4088,1706,5.47945205479452,"2","2","T_cells"
"AAGTTCGAGAGGCTGT-1","NSCLC",19218,4021,4.28764699760641,"4","4","Monocyte"
"AATCACGAGCCGATAG-1","NSCLC",10521,3482,3.59281437125748,"1","1","Epithelial_cells"
"AATCACGTCTGAGATC-1","NSCLC",4459,1586,4.97869477461314,"2","2","NK_cell"
"AATCGACGTCCAGAAG-1","NSCLC",9096,2145,1.28627968337731,"4","4","DC"
"AATCGTGAGTTCGCAT-1","NSCLC",2816,1327,2.52130681818182,"2","2","T_cells"
"AATCGTGGTTCGAAGG-1","NSCLC",1989,922,7.69230769230769,"2","2","NK_cell"
"AATGAAGTCGGTCAGC-1","NSCLC",17542,2980,2.08642116064303,"4","4","Macrophage"
"AATGACCTCCATTGCC-1","NSCLC",7036,2056,4.88914155770324,"4","4","Monocyte"
"AATGGAAAGTTACTCG-1","NSCLC",29544,4854,8.72258326563769,"0","0","Epithelial_cells"
"AATGGCTTCACCTTGC-1","NSCLC",2613,1271,4.09491006505932,"3","3","T_cells"
"AATGGCTTCTTTGCGC-1","NSCLC",4160,1342,2.93269230769231,"3","3","T_cells"
"AATTCCTGTCTTCATT-1","NSCLC",1159,754,3.96893874029336,"3","3","T_cells"
"AATTTCCAGTGGCGAT-1","NSCLC",4088,1450,5.96868884540117,"2","2","T_cells"
"ACAAAGATCGGTCATA-1","NSCLC",5302,1765,6.77102980007544,"2","2","T_cells"
"ACAACCAAGATTGTGA-1","NSCLC",33425,3196,1.27748691099476,"6","6","B_cell"
"ACAACCAAGGCGATAC-1","NSCLC",17615,3744,5.21146749929038,"4","4","Macrophage"
"ACAAGCTCACAGTCGC-1","NSCLC",24505,5064,2.1179351152826,"0","0","Epithelial_cells"
"ACACAGTAGGAGACCT-1","NSCLC",15984,3935,0.287787787787788,"7","7","Smooth_muscle_cells"
"ACACAGTTCCCATACC-1","NSCLC",18507,4511,3.82017614956503,"0","0","Epithelial_cells"
"ACACCAAAGTCTGCAT-1","NSCLC",14440,1750,2.56232686980609,"6","6","B_cell"
"ACACCAACACACCAGC-1","NSCLC",7850,2109,6.66242038216561,"4","4","Monocyte"
"ACACCAACAGAGGTAC-1","NSCLC",5183,1609,2.25737989581324,"5","5","T_cells"
"ACACTGACATCGCTCT-1","NSCLC",21461,4466,2.53949023810633,"0","0","Epithelial_cells"
"ACAGAAACACTCCTTG-1","NSCLC",5197,1584,2.67461997306138,"3","3","T_cells"
"ACAGGGAGTCATACCA-1","NSCLC",3457,1539,5.52502169511137,"2","2","NK_cell"
"ACAGGGATCGAGTACT-1","NSCLC",21661,3984,8.10211901574258,"4","4","Macrophage"
"ACATCCCGTGGACTGA-1","NSCLC",6830,2435,3.96778916544656,"1","1","Epithelial_cells"
"ACATCGATCTTCGATT-1","NSCLC",3081,1422,4.90100616682895,"2","2","NK_cell"
"ACATGCAAGTTGGAGC-1","NSCLC",4598,1785,6.69856459330144,"2","2","T_cells"
"ACATGCAGTTCGGCCA-1","NSCLC",5492,1652,2.34887108521486,"3","3","T_cells"
"ACATTTCCAAGCGCTC-1","NSCLC",30486,4944,0.137768155874828,"1","1","Epithelial_cells"
"ACCAAACAGGAACTCG-1","NSCLC",6093,2430,6.40078778926637,"1","1","T_cells"
"ACCAACATCACCTGTC-1","NSCLC",43289,2710,0.771558594562129,"6","6","B_cell"
"ACCACAAAGAGTGTTA-1","NSCLC",7021,2254,3.70317618572853,"5","5","T_cells"
"ACCATTTTCTGCGAGC-1","NSCLC",10324,2442,2.93490895001937,"8","8","Monocyte"
"ACCCTCAAGACCAGCA-1","NSCLC",4461,1937,1.12082492714638,"1","1","Epithelial_cells"
"ACCCTCAAGCCATTTG-1","NSCLC",2111,1045,5.02131691141639,"3","3","NK_cell"
"ACCCTTGCATCGTGGC-1","NSCLC",2024,558,0.444664031620553,"6","6","B_cell"
"ACCCTTGTCCATTGGA-1","NSCLC",2199,1100,1.36425648021828,"4","4","B_cell"
"ACCTACCCAAATACGA-1","NSCLC",11552,3232,9.95498614958449,"0","0","Epithelial_cells"
"ACCTGTCGTACCTTCC-1","NSCLC",4945,1730,4.24671385237614,"2","2","T_cells"
"ACGATGTGTCTACAAC-1","NSCLC",3314,1358,9.05250452625226,"2","2","NK_cell"
"ACGATGTTCGTGTTCC-1","NSCLC",4539,1801,2.73187926856136,"1","1","Embryonic_stem_cells"
"ACGCACGCAATCACGT-1","NSCLC",20108,4943,4.93833300179033,"0","0","Epithelial_cells"
"ACGCACGCATCCGCGA-1","NSCLC",7665,2246,3.71819960861057,"4","4","Monocyte"
"ACGGGTCGTAGCGTTT-1","NSCLC",3759,1552,6.11864857674913,"3","3","T_cells"
"ACGGGTCTCCTTATGT-1","NSCLC",17097,4602,6.23501199040767,"1","1","T_cells"
"ACGGTCGCACACAGCC-1","NSCLC",3775,1269,2.88741721854305,"3","3","T_cells"
"ACGGTCGCAGGTTTAC-1","NSCLC",15134,4129,6.39619400026431,"0","0","Epithelial_cells"
"ACGGTCGTCTCAGTCC-1","NSCLC",2927,1271,1.63990433891356,"3","3","T_cells"
"ACGGTTACAACGTTAC-1","NSCLC",3390,1413,4.33628318584071,"3","3","T_cells"
"ACGTACAAGCATCCCG-1","NSCLC",3208,1349,1.05985037406484,"2","2","NK_cell"
"ACGTAGTAGAGGGTAA-1","NSCLC",1513,495,9.71579643093192,"3","3","Neutrophils"
"ACGTAGTGTAGCACGA-1","NSCLC",11486,2904,5.16280689535086,"0","0","iPS_cells"
"ACGTCCTCACTGAATC-1","NSCLC",3643,1574,4.47433433982981,"2","2","NK_cell"
"ACGTTCCGTAACAGTA-1","NSCLC",4649,1409,2.98989029898903,"5","5","T_cells"
"ACTACGACAATTGTGC-1","NSCLC",11797,2643,4.45028397050097,"4","4","DC"
"ACTATGGCAGCATTGT-1","NSCLC",3546,1672,0.95882684715172,"1","1","Epithelial_cells"
"ACTATGGGTCGAATGG-1","NSCLC",29859,4974,2.59888140929033,"0","0","Epithelial_cells"
"ACTATTCAGGTTGCCC-1","NSCLC",16664,3562,9.41550648103697,"0","0","Epithelial_cells"
"ACTATTCGTACAAGCG-1","NSCLC",11877,2721,4.79077208049171,"0","0","Epithelial_cells"
"ACTCCCAAGACGCCCT-1","NSCLC",3992,1799,3.85771543086172,"5","5","T_cells"
"ACTCCCACAATAGTAG-1","NSCLC",4373,1613,5.12234164189344,"3","3","T_cells"
"ACTCTCGAGTTGCATC-1","NSCLC",4666,1379,1.47878268324046,"5","5","T_cells"
"ACTGATGAGGTGATAT-1","NSCLC",7593,2441,9.85117871723956,"0","0","Epithelial_cells"
"ACTGATGGTATTCTCT-1","NSCLC",8990,2840,4.93882091212458,"1","1","T_cells"
"ACTGCAACACCAAATC-1","NSCLC",3074,1408,3.02537410540013,"2","2","T_cells"
"ACTGCAAGTCGGTACC-1","NSCLC",1885,753,6.10079575596817,"5","5","T_cells"
"ACTGTCCTCTACCTTA-1","NSCLC",10170,2111,6.08652900688299,"4","4","Monocyte"
"ACTGTGAAGTGAGCCA-1","NSCLC",8546,2120,3.21787970980576,"8","8","Pre-B_cell_CD34-"
"ACTGTGAGTCGTGGAA-1","NSCLC",3718,1557,7.12748789671867,"1","1","Epithelial_cells"
"ACTTAGGAGTACAGCG-1","NSCLC",8503,2297,3.99858873338822,"5","5","T_cells"
"ACTTAGGCATAATGCC-1","NSCLC",17278,3710,3.14272485241347,"4","4","Monocyte"
"ACTTCGCTCTTGGTCC-1","NSCLC",6741,2115,4.86574692182169,"2","2","NK_cell"
"ACTTTGTAGCCTAACT-1","NSCLC",6140,2062,8.95765472312704,"0","0","Epithelial_cells"
"ACTTTGTCATCCGAGC-1","NSCLC",29373,4763,5.25652810404113,"0","0","Epithelial_cells"
"AGAAATGCAAGATGTA-1","NSCLC",20487,3573,0.0195245765607458,"1","1","Epithelial_cells"
"AGAACAACAGAAGCGT-1","NSCLC",21832,4607,2.18028581898131,"1","1","Epithelial_cells"
"AGAACCTCAGACTCTA-1","NSCLC",4471,1672,2.28136882129278,"5","5","T_cells"
"AGAACCTCAGTCAGCC-1","NSCLC",10253,3312,1.18014239734712,"1","1","Epithelial_cells"
"AGAACCTGTGGCCCAT-1","NSCLC",7770,2893,3.19176319176319,"4","4","Macrophage"
"AGAAGTAGTCGGTAAG-1","NSCLC",2343,1051,8.57874519846351,"2","2","NK_cell"
"AGACACTAGGTGCTTT-1","NSCLC",7852,2269,4.03718797758533,"2","2","T_cells"
"AGACACTTCAACCCGG-1","NSCLC",7653,2547,3.12295831699987,"1","1","Epithelial_cells"
"AGACCATAGTTACTCG-1","NSCLC",20824,3930,2.67479830964272,"1","1","Epithelial_cells"
"AGACCCGAGCTCTTCC-1","NSCLC",7983,2451,5.93761743705374,"0","0","Epithelial_cells"
"AGACCCGTCCTCGATC-1","NSCLC",4312,1523,2.17996289424861,"2","2","T_cells"
"AGAGAATGTCGCTTGG-1","NSCLC",12014,3072,3.76227734309972,"4","4","Macrophage"
"AGAGAGCCAATGAAAC-1","NSCLC",4801,1418,1.29139762549469,"0","0","Epithelial_cells"
"AGAGAGCCACAAGCCC-1","NSCLC",20869,3481,3.09070870669414,"4","4","Monocyte"
"AGAGCAGGTCATAGTC-1","NSCLC",20960,4676,3.84064885496183,"7","7","Tissue_stem_cells"
"AGAGCCCCAACTCATG-1","NSCLC",5741,1670,2.80438947918481,"5","5","T_cells"
"AGAGCCCCACAAATCC-1","NSCLC",657,458,6.24048706240487,"4","4","Monocyte"
"AGATAGACACCAGGTC-1","NSCLC",9013,2385,9.53067790968601,"4","4","Monocyte"
"AGATAGATCATCACCC-1","NSCLC",4329,1657,5.08200508200508,"2","2","T_cells"
"AGATAGATCATTACGG-1","NSCLC",21962,4692,9.17949184955833,"0","0","Epithelial_cells"
"AGATAGATCTCTGACC-1","NSCLC",5939,2300,1.21232530729079,"0","0","Epithelial_cells"
"AGATAGATCTGGTCAA-1","NSCLC",2379,1095,6.93568726355612,"3","3","T_cells"
"AGATCCACAAGAATGT-1","NSCLC",17278,4520,0.879731450399352,"1","1","Epithelial_cells"
"AGATCCACACGACCTG-1","NSCLC",9902,3856,0.828115532215714,"1","1","Epithelial_cells"
"AGATCGTGTGAGATAT-1","NSCLC",6010,1683,1.36439267886855,"1","1","Epithelial_cells"
"AGATGCTAGGCTGAAC-1","NSCLC",27223,5386,2.93134481871947,"0","0","Epithelial_cells"
"AGATGCTCAACCTAAC-1","NSCLC",23937,4269,4.70819233822116,"4","4","Macrophage"
"AGATGCTTCGGTTCAA-1","NSCLC",1850,891,2.37837837837838,"1","1","Embryonic_stem_cells"
"AGCATCAGTGTTTGCA-1","NSCLC",2760,915,8.15217391304348,"6","6","B_cell"
"AGCCAATAGCCTCATA-1","NSCLC",2939,1400,4.83157536577067,"5","5","T_cells"
"AGCCAATAGGTTCAGG-1","NSCLC",6646,2171,2.7836292506771,"4","4","Macrophage"
"AGCCACGCAGAACTTC-1","NSCLC",24222,5090,4.8509619354306,"0","0","Epithelial_cells"
"AGCGATTGTATTAAGG-1","NSCLC",18361,4211,5.86024726322096,"0","0","Epithelial_cells"
"AGCGATTGTGTGTGGA-1","NSCLC",3305,1225,5.86989409984871,"5","5","T_cells"
"AGCGCCAAGGATGGCT-1","NSCLC",4092,1497,6.20723362658847,"2","2","NK_cell"
"AGCGCCACATCCCGTT-1","NSCLC",3405,1279,5.58002936857562,"3","3","T_cells"
"AGCGCTGTCAATCCAG-1","NSCLC",11623,2932,5.22240385442657,"4","4","Macrophage"
"AGCGCTGTCGACCCAG-1","NSCLC",8725,1968,1.20343839541547,"0","0","Epithelial_cells"
"AGCGTATAGACGCAGT-1","NSCLC",1019,717,9.42100098135427,"1","1","Epithelial_cells"
"AGCGTATTCAGACCGC-1","NSCLC",13601,3603,3.93353429894861,"1","1","T_cells"
"AGCTCAACACTACCGG-1","NSCLC",5044,1914,6.24504361617764,"3","3","T_cells"
"AGGAAATTCCACTTTA-1","NSCLC",3572,1537,4.31131019036954,"2","2","T_cells"
"AGGAAATTCGAGAACG-1","NSCLC",2561,1231,6.5989847715736,"3","3","T_cells"
"AGGAATAAGCCAGAGT-1","NSCLC",31700,5133,4.69400630914827,"0","0","Epithelial_cells"
"AGGAATAAGTGGTGAC-1","NSCLC",3292,1460,4.67800729040097,"2","2","NK_cell"
"AGGAATATCCTTCTGG-1","NSCLC",1850,981,7.13513513513514,"3","3","T_cells"
"AGGACGACAGCATGCC-1","NSCLC",3539,1438,4.91664311952529,"2","2","NK_cell"
"AGGACTTAGGTGCGAT-1","NSCLC",5434,1766,5.85204269414796,"2","2","NK_cell"
"AGGAGGTAGAACGTGC-1","NSCLC",18176,3225,0.852772887323944,"4","4","Macrophage"
"AGGAGGTAGAATCTAG-1","NSCLC",4310,1329,4.08352668213457,"3","3","T_cells"
"AGGAGGTAGGGTATAT-1","NSCLC",13668,3485,0.336552531460345,"0","0","Epithelial_cells"
"AGGATCTAGGACCCAA-1","NSCLC",14225,3329,7.21968365553603,"0","0","Epithelial_cells"
"AGGATCTCACTGAGGA-1","NSCLC",18302,4208,7.09758496339198,"0","0","Epithelial_cells"
"AGGATCTGTACTAGCT-1","NSCLC",1090,570,0.36697247706422,"1","1","Tissue_stem_cells"
"AGGATCTGTCTGATAC-1","NSCLC",3641,1503,0.823949464432848,"2","2","T_cells"
"AGGCATTCAACTGGTT-1","NSCLC",13656,3772,2.97305213825425,"7","7","Tissue_stem_cells"
"AGGCTGCCACCGTGAC-1","NSCLC",6571,2103,2.48059656064526,"7","7","Tissue_stem_cells"
"AGGCTGCGTGCACGCT-1","NSCLC",37058,5958,4.72232716282584,"0","0","Epithelial_cells"
"AGGGCCTCACGACAGA-1","NSCLC",9045,2615,2.34383637368712,"4","4","Monocyte"
"AGGGCCTGTGTACGCC-1","NSCLC",10645,2997,2.21700328792861,"7","7","Smooth_muscle_cells"
"AGGGCTCCAACCGCTG-1","NSCLC",4644,1867,8.57019810508183,"4","4","Monocyte"
"AGGGCTCCAGGAGGAG-1","NSCLC",11800,2832,3.53389830508475,"4","4","Macrophage"
"AGGGCTCCAGGCTCTG-1","NSCLC",4849,1643,7.89853578057331,"2","2","T_cells"
"AGGGCTCTCTATCGTT-1","NSCLC",29710,5398,3.6990912150791,"1","1","Epithelial_cells"
"AGGGTGACAGAGTTCT-1","NSCLC",5762,1965,6.47344671988893,"2","2","T_cells"
"AGGGTGAGTTACCCTC-1","NSCLC",14263,3961,2.09633316973989,"0","0","Epithelial_cells"
"AGGGTGATCGTGTGAT-1","NSCLC",2356,1247,0.976230899830221,"1","1","Epithelial_cells"
"AGGTAGGTCCGGTTCT-1","NSCLC",2677,1161,7.24691819200598,"3","3","T_cells"
"AGGTCATCACGCTGCA-1","NSCLC",2350,1062,0.51063829787234,"2","2","NK_cell"
"AGGTCTACACAATCTG-1","NSCLC",2542,1035,6.45161290322581,"1","1","Epithelial_cells"
"AGGTGTTAGTTGGCGA-1","NSCLC",3264,1487,8.5171568627451,"1","1","Epithelial_cells"
"AGGTGTTGTATGGTAA-1","NSCLC",24098,2381,1.63499045563947,"6","6","B_cell"
"AGGTTACGTTCCCAAA-1","NSCLC",6276,1772,4.11089866156788,"4","4","B_cell"
"AGGTTACTCCTCTTTC-1","NSCLC",5363,1935,1.13742308409472,"1","1","Epithelial_cells"
"AGGTTACTCTGGGCAC-1","NSCLC",2782,1261,1.11430625449317,"3","3","T_cells"
"AGGTTGTAGCCGCTTG-1","NSCLC",32976,4698,0.897622513343037,"4","4","Macrophage"
"AGTACCAAGCACGGAT-1","NSCLC",26259,4947,4.96210822955939,"0","0","Epithelial_cells"
"AGTACCAGTCCGGTCA-1","NSCLC",33242,5590,2.93905300523434,"0","0","Epithelial_cells"
"AGTACCATCTCTCTAA-1","NSCLC",3139,1373,4.81044918763938,"3","3","T_cells"
"AGTACTGGTATGAGCG-1","NSCLC",23836,4591,4.57711025339822,"4","4","Monocyte"
"AGTAGCTAGCAGTACG-1","NSCLC",3127,1375,6.45986568596098,"2","2","T_cells"
"AGTAGCTAGTGCTCAT-1","NSCLC",9725,2659,2.96143958868895,"4","4","Monocyte"
"AGTAGCTCACTCCACT-1","NSCLC",30016,5634,6.69309701492537,"0","0","Epithelial_cells"
"AGTAGCTTCTCACCCA-1","NSCLC",18318,4526,3.73403209957419,"0","0","Epithelial_cells"
"AGTAGTCAGCTGTCCG-1","NSCLC",33759,5663,5.19268935691223,"0","0","Epithelial_cells"
"AGTCATGCAAATGCGG-1","NSCLC",14589,2527,1.74103776818151,"8","8","Monocyte"
"AGTCATGCATTCTGTT-1","NSCLC",28040,5033,5.40299572039943,"0","0","Epithelial_cells"
"AGTCTCCCACCGTCGA-1","NSCLC",18666,3598,6.6163077252759,"4","4","Macrophage"
"AGTCTCCGTACAGTAA-1","NSCLC",1651,827,5.45124167171411,"3","3","T_cells"
"AGTGACTCAAGTGACG-1","NSCLC",17889,3285,2.05713007993739,"4","4","DC"
"AGTGATCTCATGGATC-1","NSCLC",4597,1767,6.43898194474657,"5","5","T_cells"
"AGTGATCTCCCATAGA-1","NSCLC",4506,1806,4.10563692853972,"2","2","NK_cell"
"AGTGATCTCGACCTAA-1","NSCLC",9743,1951,2.36066919839885,"8","8","Pre-B_cell_CD34-"
"AGTGATCTCGTGGACC-1","NSCLC",2933,1199,4.02318445277872,"2","2","NK_cell"
"AGTGCCGCACAGACGA-1","NSCLC",19967,3581,4.8780487804878,"4","4","Monocyte"
"AGTGCCGCAGTCGCTG-1","NSCLC",3226,660,8.21450712957223,"6","6","B_cell"
"AGTGTTGAGCCATGCC-1","NSCLC",4410,1596,7.12018140589569,"7","7","Tissue_stem_cells"
"AGTTAGCGTGCGCTCA-1","NSCLC",28564,5090,3.84750035009102,"0","0","Epithelial_cells"
"AGTTCCCAGAGCAGCT-1","NSCLC",4092,1456,6.10948191593353,"3","3","T_cells"
"AGTTCGAAGTTACTCG-1","NSCLC",32558,5823,6.10295472694883,"0","0","Epithelial_cells"
"AGTTCGAGTGCCTATA-1","NSCLC",11307,2691,2.5470947200849,"8","8","Pre-B_cell_CD34-"
"ATACCGAGTATCGTTG-1","NSCLC",35986,5876,0.564108264325015,"1","1","Epithelial_cells"
"ATACTTCCACGACAAG-1","NSCLC",7144,2048,4.68924972004479,"4","4","Monocyte"
"ATACTTCTCGTCGATA-1","NSCLC",1286,624,2.79937791601866,"6","6","B_cell"
"ATAGACCGTATAGCTC-1","NSCLC",22205,5112,4.04413420400811,"7","7","Fibroblasts"
"ATAGACCGTGAGAGGG-1","NSCLC",2639,1221,1.78097764304661,"2","2","T_cells"
"ATAGAGATCCCGGTAG-1","NSCLC",3125,1286,5.024,"3","3","T_cells"
"ATATCCTCATATCTGG-1","NSCLC",21486,4434,5.65949920878712,"0","0","Epithelial_cells"
"ATCACAGAGGCATCAG-1","NSCLC",24936,4628,3.86589669554058,"0","0","Epithelial_cells"
"ATCACAGCACTTGTCC-1","NSCLC",4984,1742,3.330658105939,"3","3","T_cells"
"ATCACAGTCATCACAG-1","NSCLC",1989,1080,1.45801910507793,"3","3","T_cells"
"ATCACAGTCTTTCGAT-1","NSCLC",3915,1600,4.80204342273308,"5","5","T_cells"
"ATCACGACACCTGCAG-1","NSCLC",4131,1450,9.07770515613653,"3","3","T_cells"
"ATCACGATCATGGAGG-1","NSCLC",11076,2172,3.66558324304803,"8","8","B_cell"
"ATCACTTGTATGCTTG-1","NSCLC",14141,2596,1.15267661410084,"4","4","Macrophage"
"ATCAGGTGTCGGATTT-1","NSCLC",9952,2749,3.77813504823151,"4","4","Macrophage"
"ATCATTCTCAGCATTG-1","NSCLC",22089,4156,0.416496898908959,"0","0","Epithelial_cells"
"ATCCACCGTTCCTACC-1","NSCLC",2912,1278,3.39972527472527,"3","3","T_cells"
"ATCCATTCATTGCCTC-1","NSCLC",22121,3923,6.71759866190498,"4","4","Macrophage"
"ATCCCTGGTCGTCAGC-1","NSCLC",2895,1087,7.53022452504318,"3","3","T_cells"
"ATCCCTGGTCGTTCAA-1","NSCLC",4619,1732,1.991773111063,"5","5","T_cells"
"ATCGATGTCCCTCTCC-1","NSCLC",5010,1757,6.36726546906188,"2","2","T_cells"
"ATCGCCTAGTGAGTGC-1","NSCLC",3868,1628,5.35160289555326,"2","2","T_cells"
"ATCGCCTCATCGCTAA-1","NSCLC",5066,1797,2.96091590998816,"2","2","T_cells"
"ATCGCCTCATTGAAGA-1","NSCLC",28791,5468,2.10482442429926,"1","1","Epithelial_cells"
"ATCGCCTGTGAGACGT-1","NSCLC",4798,1764,0.187578157565652,"1","1","Epithelial_cells"
"ATCGGATAGCGTCTCG-1","NSCLC",1546,736,4.65717981888745,"2","2","T_cells"
"ATCGGATCAAACAGGC-1","NSCLC",33312,5110,1.70809317963497,"0","0","iPS_cells"
"ATCGGATTCTCCAAGA-1","NSCLC",42521,5596,3.57940782201736,"0","0","Epithelial_cells"
"ATCGGCGAGAAGTCCG-1","NSCLC",26301,4416,2.95806243108627,"0","0","Epithelial_cells"
"ATCGGCGAGAGCATTA-1","NSCLC",10338,3015,6.10369510543625,"3","3","T_cells"
"ATCGGCGCACGCGCTA-1","NSCLC",4262,1608,5.20882214922572,"2","2","NK_cell"
"ATCGTCCTCGCCCAGA-1","NSCLC",35011,5699,5.6325154951301,"1","1","Epithelial_cells"
"ATCTCTAAGCCACCGT-1","NSCLC",5378,1997,7.25176645593157,"4","4","Monocyte"
"ATCTCTAAGGACTTCT-1","NSCLC",5498,2011,6.14769006911604,"2","2","NK_cell"
"ATCTCTAAGTAGCTCT-1","NSCLC",1257,751,3.0230708035004,"3","3","T_cells"
"ATCTCTACACACAGCC-1","NSCLC",2036,1020,7.07269155206287,"2","2","T_cells"
"ATCTTCACAGTCCCGA-1","NSCLC",11969,3650,7.18522850697636,"1","1","Epithelial_cells"
"ATGACCACACTTGTCC-1","NSCLC",35095,5415,1.54722894999288,"0","0","Epithelial_cells"
"ATGAGGGCAGTTCACA-1","NSCLC",17034,3603,4.84912527885406,"4","4","Monocyte"
"ATGATCGAGATGACCG-1","NSCLC",2043,1084,2.54527655408713,"2","2","T_cells"
"ATGATCGAGCTGAAGC-1","NSCLC",21396,4253,1.36474107309778,"0","0","Epithelial_cells"
"ATGATCGAGTAATTGG-1","NSCLC",28684,4781,6.64830567563799,"0","0","Epithelial_cells"
"ATGCATGCAATAGTAG-1","NSCLC",4094,1319,4.20127015144113,"3","3","T_cells"
"ATGCCTCGTCTTTATC-1","NSCLC",32547,5406,3.13700187421268,"0","0","Epithelial_cells"
"ATGCGATCAATTGAAG-1","NSCLC",3826,1588,3.86826973340303,"2","2","T_cells"
"ATGGAGGAGGCTTCCG-1","NSCLC",13046,1236,2.10026061628085,"6","6","B_cell"
"ATGGAGGTCCGATAAC-1","NSCLC",7367,1888,5.40247047644903,"3","3","T_cells"
"ATGGGAGAGACGGTCA-1","NSCLC",3298,1452,3.24439053972104,"3","3","T_cells"
"ATGGTTGGTTAAGGAT-1","NSCLC",12712,3138,5.74260541220894,"4","4","Macrophage"
"ATGTCCCGTTGCTCGG-1","NSCLC",29464,4537,1.50692370350258,"1","1","Epithelial_cells"
"ATTACCTTCGCCTTTG-1","NSCLC",3387,1151,2.80484204310599,"3","3","T_cells"
"ATTACTCCAGGTTACT-1","NSCLC",5703,2130,1.92880939856216,"5","5","T_cells"
"ATTACTCCATGTGGCC-1","NSCLC",2572,1095,4.58786936236392,"3","3","T_cells"
"ATTCAGGAGAGGGTGG-1","NSCLC",12815,3527,7.98283261802575,"4","4","Monocyte"
"ATTCAGGGTGTTTGCA-1","NSCLC",1043,512,7.28667305848514,"3","3","T_cells"
"ATTCATCTCCTTGGAA-1","NSCLC",5521,1743,3.71309545372215,"2","2","NK_cell"
"ATTCCATAGGCTGAAC-1","NSCLC",4184,1647,1.69694072657744,"2","2","T_cells"
"ATTCCATGTTGAGAGC-1","NSCLC",26385,4624,2.12999810498389,"0","0","Epithelial_cells"
"ATTCCCGCAAGTACCT-1","NSCLC",3250,1344,0.707692307692308,"3","3","T_cells"
"ATTCCCGGTAATGCTC-1","NSCLC",24243,4136,5.86561069174607,"4","4","Monocyte"
"ATTCCCGTCAAGAGTA-1","NSCLC",25171,5175,2.20094553255731,"1","1","Epithelial_cells"
"ATTCCCGTCGCCAGTG-1","NSCLC",3943,1545,2.94192239411616,"2","2","NK_cell"
"ATTCCCGTCTGCGGAC-1","NSCLC",10366,2507,4.65946363110168,"4","4","Monocyte"
"ATTCCTATCATTACTC-1","NSCLC",8047,2346,5.60457313284454,"4","4","Monocyte"
"ATTCGTTCACGCGCAT-1","NSCLC",27222,5142,5.11718463007861,"0","0","Epithelial_cells"
"ATTCTTGAGAAGAGCA-1","NSCLC",3947,1256,5.70053204965797,"3","3","T_cells"
"ATTGTTCCAGCTTCGG-1","NSCLC",13541,3428,4.88885606676021,"0","0","Epithelial_cells"
"ATTTACCAGTCAGCCC-1","NSCLC",2492,1067,7.38362760834671,"3","3","NK_cell"
"ATTTACCCAGGATTCT-1","NSCLC",4286,1827,1.1899206719552,"2","2","T_cells"
"ATTTACCGTCTCCTGT-1","NSCLC",10752,4184,0.260416666666667,"1","1","Epithelial_cells"
"ATTTACCGTTCGAACT-1","NSCLC",6486,1776,4.30157261794635,"3","3","T_cells"
"ATTTACCTCAAAGCCT-1","NSCLC",12353,3562,1.51380231522707,"7","7","Tissue_stem_cells"
"ATTTACCTCTGCAGCG-1","NSCLC",2989,1211,5.68752091000335,"3","3","T_cells"
"ATTTCACGTACCGTGC-1","NSCLC",1405,896,5.83629893238434,"1","1","HSC_CD34+"
"ATTTCTGAGATGCTGG-1","NSCLC",10288,3052,4.49066874027994,"4","4","Monocyte"
"CAAAGAACAAACTAGA-1","NSCLC",3858,1399,2.79937791601866,"2","2","T_cells"
"CAACAACAGTGAGGTC-1","NSCLC",2912,958,9.82142857142857,"1","1","Epithelial_cells"
"CAACAACTCTAACGCA-1","NSCLC",6135,2102,7.51426242868786,"4","4","Macrophage"
"CAACCAAAGTTTGAGA-1","NSCLC",2207,1138,9.46986859990938,"1","1","Epithelial_cells"
"CAACCAACACAAGTTC-1","NSCLC",7946,2324,6.61968285930028,"4","4","Macrophage"
"CAACCTCGTTAATGAG-1","NSCLC",20706,4259,1.85936443542934,"7","7","Tissue_stem_cells"
"CAACCTCTCTTACGGA-1","NSCLC",7362,2588,2.73023634881826,"7","7","Smooth_muscle_cells"
"CAACGATGTTGCATAC-1","NSCLC",3688,1458,3.06399132321041,"3","3","T_cells"
"CAAGACTAGACTGAGC-1","NSCLC",26702,5112,3.40798442064265,"1","1","Epithelial_cells"
"CAAGACTAGAGATTCA-1","NSCLC",35813,5933,7.46377013933488,"0","0","Epithelial_cells"
"CAAGACTAGCCTTTCC-1","NSCLC",1159,708,6.81622088006903,"3","3","T_cells"
"CAAGACTAGCGCCTCA-1","NSCLC",10518,3022,6.03726944285986,"0","0","Epithelial_cells"
"CAATACGCACGCCAGT-1","NSCLC",6166,2527,3.79500486539085,"1","1","Epithelial_cells"
"CAATACGGTGGCCACT-1","NSCLC",4000,1611,4.525,"4","4","Macrophage"
"CAATGACTCGGCTGAC-1","NSCLC",12904,3784,3.44079355238686,"7","7","Tissue_stem_cells"
"CAATTTCCACACCGAC-1","NSCLC",2784,1199,3.30459770114943,"3","3","T_cells"
"CACAACACATGGTGGA-1","NSCLC",1375,669,9.52727272727273,"3","3","T_cells"
"CACAGATCAAATCAAG-1","NSCLC",32358,2257,1.67501081649051,"6","6","B_cell"
"CACATGATCGTTATCT-1","NSCLC",1844,913,7.9175704989154,"1","1","Epithelial_cells"
"CACCAAATCCTAGCTC-1","NSCLC",1742,911,0.803673938002296,"3","3","T_cells"
"CACCGTTGTGACGTCC-1","NSCLC",34419,5944,2.03376042302217,"0","0","Epithelial_cells"
"CACGAATAGCCACTCG-1","NSCLC",1042,668,7.19769673704415,"3","3","T_cells"
"CACGAATAGCGTCGAA-1","NSCLC",4072,1698,0.0982318271119843,"7","7","Tissue_stem_cells"
"CACGAATGTCTAGATC-1","NSCLC",13822,1421,1.73636232093764,"6","6","B_cell"
"CACGTGGCAGAGATGC-1","NSCLC",2082,1202,0.48030739673391,"3","3","T_cells"
"CACGTGGTCCGAAATC-1","NSCLC",3718,1963,3.68477676169984,"1","1","Epithelial_cells"
"CACGTTCCAAGTGATA-1","NSCLC",5017,1645,2.27227426749053,"1","1","Epithelial_cells"
"CACTAAGTCCACGGAC-1","NSCLC",5643,1809,4.43026758816233,"3","3","T_cells"
"CACTGAAAGTGTGTTC-1","NSCLC",10774,2745,4.19528494523854,"4","4","Macrophage"
"CACTGAACACGTACTA-1","NSCLC",4989,1858,2.6458208057727,"5","5","T_cells"
"CACTGGGAGGGAGTTC-1","NSCLC",5010,1247,8.18363273453094,"6","6","B_cell"
"CACTTCGAGGTGATAT-1","NSCLC",15553,3226,3.47842859898412,"4","4","Monocyte"
"CAGATACCAATGTGGG-1","NSCLC",20723,4138,0.810693432418086,"0","0","Epithelial_cells"
"CAGATACCACAATGCT-1","NSCLC",4426,1803,0.971531857207411,"2","2","NK_cell"
"CAGATCAGTACTCGTA-1","NSCLC",3934,1605,5.66853075749873,"2","2","T_cells"
"CAGATCAGTGAATTAG-1","NSCLC",24203,5124,5.0159071189522,"0","0","Epithelial_cells"
"CAGATCAGTGGCAGAT-1","NSCLC",2326,776,3.26741186586414,"3","3","T_cells"
"CAGATCATCGAGCTGC-1","NSCLC",2899,1243,3.20800275957227,"2","2","T_cells"
"CAGCAATCAAGTTCGT-1","NSCLC",3924,1698,6.62589194699286,"2","2","T_cells"
"CAGCAATTCCTCTCGA-1","NSCLC",13832,2929,4.88721804511278,"4","4","Monocyte"
"CAGCAATTCGGTATGT-1","NSCLC",28798,5344,5.23994721855684,"0","0","Epithelial_cells"
"CAGCACGGTCTACGAT-1","NSCLC",3479,787,7.09974130497269,"6","6","B_cell"
"CAGCAGCCATCCGGTG-1","NSCLC",3074,1363,0.683148991541965,"2","2","NK_cell"
"CAGCGTGAGTTCATGC-1","NSCLC",4318,1787,2.98749421028254,"2","2","T_cells"
"CAGCGTGCAGATTCGT-1","NSCLC",3045,1354,5.02463054187192,"3","3","T_cells"
"CAGGCCACATCACGGC-1","NSCLC",5254,1616,4.91054434716407,"2","2","NK_cell"
"CAGGCCAGTGTATCCA-1","NSCLC",2753,1219,0.181620050853614,"2","2","T_cells"
"CAGGCCATCCGTTGGG-1","NSCLC",30574,5959,4.261791064303,"0","0","Epithelial_cells"
"CAGGTATGTGAGTAAT-1","NSCLC",3234,1459,3.18491032776747,"5","5","T_cells"
"CAGGTATTCTATCACT-1","NSCLC",14862,3475,6.1431839590903,"4","4","Monocyte"
"CAGGTATTCTTACTGT-1","NSCLC",22255,4460,1.40193215007863,"1","1","iPS_cells"
"CAGTGCGAGGGAGAAT-1","NSCLC",24036,4692,5.0133133632884,"0","0","Epithelial_cells"
"CAGTGCGTCGGCTTCT-1","NSCLC",3789,1432,3.56294536817102,"5","5","T_cells"
"CAGTTAGTCACTTATC-1","NSCLC",7402,2346,9.92974871656309,"4","4","B_cell"
"CAGTTCCAGTTGAATG-1","NSCLC",26284,5014,3.82742352762137,"0","0","Epithelial_cells"
"CAGTTCCCACATACGT-1","NSCLC",13809,3383,1.19487290897241,"0","0","Epithelial_cells"
"CAGTTCCCACGCGTCA-1","NSCLC",8217,2530,0.596324692710235,"1","1","T_cells"
"CAGTTCCTCCCTCTTT-1","NSCLC",8116,2295,8.37851158206013,"4","4","Monocyte"
"CATACAGAGCGCCTAC-1","NSCLC",30372,4943,0.431318319504807,"0","0","Epithelial_cells"
"CATACAGCAGAAGTGC-1","NSCLC",4071,1480,0.786047654139032,"2","2","T_cells"
"CATACAGTCATTATCC-1","NSCLC",4805,1742,6.47242455775234,"2","2","T_cells"
"CATACAGTCTCATAGG-1","NSCLC",22123,5229,5.11232653799213,"1","1","Epithelial_cells"
"CATACCCCACCGCTAG-1","NSCLC",3683,1524,4.96877545479229,"2","2","NK_cell"
"CATACTTAGCGATGAC-1","NSCLC",11023,2569,4.21845232695274,"4","4","Monocyte"
"CATACTTAGTTCAACC-1","NSCLC",20324,4274,1.92875418224759,"0","0","Epithelial_cells"
"CATACTTGTCACTCAA-1","NSCLC",4886,1653,3.72492836676218,"3","3","T_cells"
"CATAGACCATCCGGTG-1","NSCLC",4735,1459,3.27349524815206,"3","3","T_cells"
"CATCAAGTCACGAACT-1","NSCLC",10789,2035,1.12151265177496,"1","1","Epithelial_cells"
"CATCCCACAGCGGTTC-1","NSCLC",3715,1486,7.80619111709287,"2","2","NK_cell"
"CATCCGTTCGTAGGGA-1","NSCLC",7420,1383,5.40431266846361,"6","6","B_cell"
"CATCGCTCATGGCCAC-1","NSCLC",17641,3170,5.71396179354912,"4","4","Monocyte"
"CATCGCTGTTATTCTC-1","NSCLC",3948,1811,3.54609929078014,"1","1","Epithelial_cells"
"CATCGGGGTCCAGGTC-1","NSCLC",3038,1269,0.954575378538512,"1","1","Epithelial_cells"
"CATCGTCTCTGCATAG-1","NSCLC",9962,2287,4.40674563340695,"4","4","Monocyte"
"CATGAGTCATAGATCC-1","NSCLC",1616,1092,3.89851485148515,"1","1","DC"
"CATGCAAGTATGTCTG-1","NSCLC",5454,2443,0.586725339200587,"7","7","Tissue_stem_cells"
"CATGCCTGTCGGCTAC-1","NSCLC",1391,784,3.30697340043134,"3","3","T_cells"
"CATGCGGAGACCCGCT-1","NSCLC",30597,5306,3.67029447331438,"0","0","Epithelial_cells"
"CATGCGGGTTACCCAA-1","NSCLC",19625,4377,0.428025477707006,"0","0","Epithelial_cells"
"CATGGATGTGCAACGA-1","NSCLC",29187,4821,3.58378730256621,"0","0","Epithelial_cells"
"CATGGTAAGACCGCCT-1","NSCLC",8534,2355,4.67541598312632,"3","3","T_cells"
"CATGGTATCTGCATGA-1","NSCLC",4916,1691,6.5093572009764,"2","2","T_cells"
"CATTCCGGTAACCCTA-1","NSCLC",3196,1289,5.38172715894869,"2","2","T_cells"
"CATTGAGAGACCTTTG-1","NSCLC",20698,4392,1.35278770895739,"1","1","Epithelial_cells"
"CATTGAGTCGTTGTTT-1","NSCLC",3471,1455,0.950734658599827,"2","2","T_cells"
"CATTGCCAGGGAGTGG-1","NSCLC",5729,1616,2.75789841159016,"1","1","Epithelial_cells"
"CATTGCCGTATAGGGC-1","NSCLC",3722,1481,3.97635679742074,"5","5","T_cells"
"CATTGTTAGACCAACG-1","NSCLC",29352,5501,6.16993731261924,"0","0","Epithelial_cells"
"CATTGTTCAGGGACTA-1","NSCLC",19970,4905,0.961442163244867,"0","0","Epithelial_cells"
"CATTGTTTCAAGGCTT-1","NSCLC",2615,1357,0.420650095602294,"3","3","T_cells"
"CCAAGCGAGCCGGAAT-1","NSCLC",8941,2621,6.29683480595012,"4","4","Monocyte"
"CCAAGCGTCAGTAGGG-1","NSCLC",8755,2010,2.13592233009709,"8","8","Pre-B_cell_CD34-"
"CCAAGCGTCATTATCC-1","NSCLC",15529,3188,3.43872754201816,"4","4","Monocyte"
"CCAATGATCTACGGGC-1","NSCLC",20430,4262,0.474791972589329,"4","4","Macrophage"
"CCACACTCAATGAGCG-1","NSCLC",3976,1383,9.50704225352113,"2","2","NK_cell"
"CCACCATAGAATCTAG-1","NSCLC",19938,3722,0.516601464540074,"1","1","Epithelial_cells"
"CCACCATCAGGTCCGT-1","NSCLC",5302,1723,4.13051678611845,"3","3","T_cells"
"CCACCATTCGTAACTG-1","NSCLC",4542,1973,0.704535446939674,"1","1","Epithelial_cells"
"CCACGAGAGGTTCTAC-1","NSCLC",2320,1174,4.95689655172414,"3","3","T_cells"
"CCACGTTCAGCTCCTT-1","NSCLC",3619,1530,5.47112462006079,"2","2","T_cells"
"CCACTTGGTACGACAG-1","NSCLC",2389,1152,6.65550439514441,"2","2","T_cells"
"CCACTTGGTTCGAGCC-1","NSCLC",4729,1635,4.10234721928526,"2","2","T_cells"
"CCATAAGGTGTAAATG-1","NSCLC",5426,1717,0.552893475856985,"1","1","Epithelial_cells"
"CCATCACTCACGATCA-1","NSCLC",4067,1564,4.45045488074748,"2","2","T_cells"
"CCCAACTGTCGTCATA-1","NSCLC",1799,663,5.78098943857699,"6","6","B_cell"
"CCCATTGAGGACGCTA-1","NSCLC",26326,5882,3.97705690192205,"1","1","NK_cell"
"CCCATTGTCCGTTGGG-1","NSCLC",23909,5016,3.32510770002928,"1","1","Epithelial_cells"
"CCCGAAGCAATACGAA-1","NSCLC",8239,3209,1.74778492535502,"1","1","Epithelial_cells"
"CCCGAAGCACTGCGAC-1","NSCLC",34543,5353,3.03679471962482,"0","0","Epithelial_cells"
"CCCGGAATCATTACTC-1","NSCLC",3028,1374,7.59577278731836,"4","4","Monocyte"
"CCCTCAATCACGGGCT-1","NSCLC",3120,1358,6.02564102564103,"3","3","T_cells"
"CCCTCTCAGCCTATCA-1","NSCLC",26599,5356,2.57904432497462,"7","7","Tissue_stem_cells"
"CCCTCTCCATGATAGA-1","NSCLC",10794,2863,6.5869927737632,"4","4","Macrophage"
"CCCTGATTCCGTAGGC-1","NSCLC",4271,1481,2.13064856005619,"3","3","T_cells"
"CCCTTAGTCAAGCCTA-1","NSCLC",3048,1204,6.26640419947507,"3","3","T_cells"
"CCGATGGAGGAGAATG-1","NSCLC",28604,3958,7.57586351559222,"4","4","Macrophage"
"CCGATGGTCCATACTT-1","NSCLC",3185,1416,2.79434850863422,"3","3","T_cells"
"CCGCAAGTCCACACCT-1","NSCLC",10695,2513,4.9929873772791,"4","4","Monocyte"
"CCGCAAGTCGGTCTAA-1","NSCLC",15988,3489,2.395546659995,"0","0","Epithelial_cells"
"CCGGACACAGTGGCTC-1","NSCLC",6124,1889,5.30698889614631,"4","4","Monocyte"
"CCGGTAGGTGCCTACG-1","NSCLC",21281,4639,4.12574597058409,"0","0","Epithelial_cells"
"CCGGTGACAATAACCC-1","NSCLC",11238,2582,6.39793557572522,"4","4","Monocyte"
"CCGTAGGAGGAATGTT-1","NSCLC",5593,1098,9.11854103343465,"6","6","B_cell"
"CCGTAGGGTGGACTGA-1","NSCLC",3266,870,3.67421922841396,"3","3","T_cells"
"CCGTAGGGTGTTATCG-1","NSCLC",20077,2078,2.35094884693928,"6","6","B_cell"
"CCGTTCACACTCAGAT-1","NSCLC",3593,1396,4.48093515168383,"3","3","T_cells"
"CCGTTCAGTGTGTACT-1","NSCLC",1031,667,4.17070805043647,"3","3","T_cells"
"CCGTTCATCGTAACAC-1","NSCLC",16728,3769,4.7883787661406,"4","4","Macrophage"
"CCTAACCAGATGTTCC-1","NSCLC",5581,1855,4.62282745027773,"2","2","T_cells"
"CCTAACCTCAGCTGAT-1","NSCLC",5504,2000,2.23473837209302,"5","5","T_cells"
"CCTAAGAAGCACACCC-1","NSCLC",5588,1582,4.29491768074445,"3","3","T_cells"
"CCTAAGAAGCTTTCTT-1","NSCLC",1150,776,1.82608695652174,"3","3","T_cells"
"CCTAAGAAGGCCATAG-1","NSCLC",19916,3456,0.0954006828680458,"1","1","Epithelial_cells"
"CCTACGTAGATCCGAG-1","NSCLC",7077,2278,8.42164759078706,"4","4","Macrophage"
"CCTACGTGTATAGCTC-1","NSCLC",28740,4826,3.41684064022269,"0","0","Epithelial_cells"
"CCTACGTGTGGCTTAT-1","NSCLC",5551,1790,6.35921455593587,"0","0","Epithelial_cells"
"CCTATCGCAGACCCGT-1","NSCLC",17022,3738,6.66196686640818,"0","0","Epithelial_cells"
"CCTCAACCAAGAATAC-1","NSCLC",23399,4507,4.92756100688064,"0","0","Epithelial_cells"
"CCTCACACATGGCCCA-1","NSCLC",26583,5946,5.5486589173532,"0","0","Epithelial_cells"
"CCTCATGTCCTCACTG-1","NSCLC",10980,2716,3.22404371584699,"1","1","Epithelial_cells"
"CCTCCAACACGACGAA-1","NSCLC",11771,2428,2.71854557811571,"8","8","Pre-B_cell_CD34-"
"CCTCCTCCACACACGC-1","NSCLC",13292,2207,1.22630153475775,"6","6","B_cell"
"CCTCCTCCACAGAGAC-1","NSCLC",33965,5655,4.1042249374356,"0","0","Epithelial_cells"
"CCTCCTCTCCGCAAAT-1","NSCLC",5169,2163,3.54033662217063,"3","3","T_cells"
"CCTCTAGTCGGTCGAC-1","NSCLC",4781,1580,9.87241162936624,"2","2","T_cells"
"CCTCTCCAGGGCAAGG-1","NSCLC",10490,2952,2.65967588179218,"1","1","T_cells"
"CCTCTCCCATGACTCA-1","NSCLC",2997,1390,2.3023023023023,"2","2","NK_cell"
"CCTGCATCACATCCCT-1","NSCLC",4897,1702,2.28711455993465,"5","5","T_cells"
"CCTGCATTCAGACCTA-1","NSCLC",3650,1507,3.83561643835616,"2","2","T_cells"
"CCTGTTGAGCAGAAAG-1","NSCLC",2762,1383,0.398262128892107,"3","3","T_cells"
"CCTGTTGGTCTGTTAG-1","NSCLC",37786,5436,1.62229397131213,"0","0","Epithelial_cells"
"CCTTTGGCAGAAATTG-1","NSCLC",2877,1397,6.11748348974626,"1","1","Epithelial_cells"
"CCTTTGGCAGGTGGAT-1","NSCLC",10445,2458,6.46242221158449,"4","4","Monocyte"
"CCTTTGGGTCCCAAAT-1","NSCLC",8087,3250,0.408062322245579,"1","1","Epithelial_cells"
"CCTTTGGTCGCTGTTC-1","NSCLC",8198,2685,4.61088070261039,"7","7","Tissue_stem_cells"
"CGAAGGAAGAAGCGAA-1","NSCLC",12945,2817,8.35843955195056,"4","4","Monocyte"
"CGAAGGACAGAGTAAT-1","NSCLC",3031,1286,5.01484658528538,"3","3","T_cells"
"CGAAGGAGTATCATGC-1","NSCLC",3788,1452,3.11510031678986,"2","2","T_cells"
"CGACAGCGTAGAATGT-1","NSCLC",11831,3293,7.86070492773223,"0","0","Epithelial_cells"
"CGAGAAGGTATGTGTC-1","NSCLC",15845,3533,9.12590722625434,"0","0","Epithelial_cells"
"CGAGGAACATGTGGCC-1","NSCLC",4364,1660,2.19981668194317,"5","5","T_cells"
"CGAGGCTCAGGCGATA-1","NSCLC",2263,1041,0.397702165267344,"3","3","T_cells"
"CGAGTGCAGATAGCAT-1","NSCLC",7063,1947,0.976921987823871,"0","0","Epithelial_cells"
"CGAGTGCAGGTTGTTC-1","NSCLC",15719,4231,7.85673388892423,"0","0","Epithelial_cells"
"CGAGTTACATCAGTCA-1","NSCLC",3857,1524,6.0668913663469,"2","2","T_cells"
"CGATCGGTCCTTCTAA-1","NSCLC",30434,5629,5.2704212394033,"0","0","Epithelial_cells"
"CGATGCGCAAGAGTAT-1","NSCLC",3354,1506,8.70602265951103,"2","2","T_cells"
"CGATGCGGTTTCTATC-1","NSCLC",7916,2381,3.29711975745326,"5","5","T_cells"
"CGCAGGTAGACTCTAC-1","NSCLC",4478,2037,2.30013398838767,"1","1","Epithelial_cells"
"CGCAGGTCACTCTCGT-1","NSCLC",5332,2098,6.02025506376594,"2","2","T_cells"
"CGCAGGTCAGTCAGTT-1","NSCLC",2882,1249,1.07564191533657,"2","2","T_cells"
"CGCAGGTTCTCCAATT-1","NSCLC",3932,1646,4.67955239064089,"2","2","T_cells"
"CGCATAAGTTCCAAAC-1","NSCLC",34704,5779,5.04840940525588,"0","0","Epithelial_cells"
"CGCGTGACACATTGTG-1","NSCLC",8839,2169,2.54553682543274,"5","5","T_cells"
"CGCGTGAGTGTGTTTG-1","NSCLC",3485,1466,1.8364418938307,"4","4","Macrophage"
"CGGAACCGTCCGTTTC-1","NSCLC",16620,3787,0.992779783393502,"0","0","Epithelial_cells"
"CGGACACTCGCCTATC-1","NSCLC",36985,5935,2.39826956874409,"0","0","Epithelial_cells"
"CGGAGAAGTTACCGTA-1","NSCLC",4711,1543,5.77372107832732,"5","5","T_cells"
"CGGCAGTCAAATGATG-1","NSCLC",4109,1534,4.84302750060842,"2","2","NK_cell"
"CGGGACTCACTGCGAC-1","NSCLC",13166,3387,1.45830168616132,"4","4","DC"
"CGGGTCAAGAGCACTG-1","NSCLC",4719,1762,6.0817969908879,"1","1","Endothelial_cells"
"CGGGTCACAATTGCGT-1","NSCLC",13465,3306,4.32974378017081,"7","7","Tissue_stem_cells"
"CGGTCAGTCTAGAGCT-1","NSCLC",3643,1438,3.62338731814439,"3","3","T_cells"
"CGTAAGTGTGTCTTGA-1","NSCLC",29128,5378,0.151057401812689,"0","0","Epithelial_cells"
"CGTAATGTCTGTGCAA-1","NSCLC",9259,2341,1.31763689383303,"1","1","Epithelial_cells"
"CGTAGTAAGAAGCGAA-1","NSCLC",3776,1145,5.50847457627119,"2","2","NK_cell"
"CGTAGTAAGGCCCGTT-1","NSCLC",2670,1315,1.23595505617978,"3","3","T_cells"
"CGTCCATAGGGCTTCC-1","NSCLC",3551,1348,2.59081948746832,"2","2","NK_cell"
"CGTCCATAGTCCCAGC-1","NSCLC",12062,3120,7.49461117559277,"0","0","Epithelial_cells"
"CGTCCATCAAGTGCAG-1","NSCLC",6056,2071,3.17040951122853,"2","2","NK_cell"
"CGTCCATGTCCTGTCT-1","NSCLC",9124,2378,6.22533976326173,"0","0","Epithelial_cells"
"CGTGATAGTCATCACA-1","NSCLC",3011,1267,3.05546330122883,"1","1","T_cells"
"CGTGCTTAGCCATATC-1","NSCLC",2340,1107,0.811965811965812,"2","2","T_cells"
"CGTGCTTGTACGGCAA-1","NSCLC",1306,767,0.765696784073507,"3","3","NK_cell"
"CGTGTCTAGAGGTTAT-1","NSCLC",2531,1141,4.58316870802054,"2","2","T_cells"
"CGTGTCTAGCTATCCA-1","NSCLC",26845,5332,0.160178804246601,"1","1","Epithelial_cells"
"CGTGTCTGTCGTCATA-1","NSCLC",8940,2779,7.02460850111857,"2","2","NK_cell"
"CGTTAGACACGGCCAT-1","NSCLC",4952,1637,0.605815831987076,"1","1","Epithelial_cells"
"CGTTAGAGTGTCTAAC-1","NSCLC",32460,5886,3.70609981515712,"0","0","Epithelial_cells"
"CGTTGGGCATCTCCCA-1","NSCLC",3438,1438,3.17044793484584,"3","3","T_cells"
"CTAACCCAGCTACTGT-1","NSCLC",2568,1302,2.37538940809969,"1","1","Epithelial_cells"
"CTAAGTGAGTTCCAGT-1","NSCLC",8941,2925,1.76714014092383,"0","0","Epithelial_cells"
"CTACATTCAGCAGGAT-1","NSCLC",22313,5411,8.14771657777977,"1","1","Epithelial_cells"
"CTACCTGGTATGGAGC-1","NSCLC",43299,5839,8.19880366752119,"0","0","Epithelial_cells"
"CTACGGGCACGCCAGT-1","NSCLC",21252,4943,1.06813476378694,"7","7","Smooth_muscle_cells"
"CTACTATAGGCTGAAC-1","NSCLC",5053,1685,3.4434989115377,"5","5","T_cells"
"CTACTATCACTCAGAT-1","NSCLC",4153,1792,1.90223934505177,"2","2","T_cells"
"CTACTATTCATGAGGG-1","NSCLC",34753,2395,1.05314649095042,"6","6","B_cell"
"CTAGACACACGCGGTT-1","NSCLC",8694,2426,3.85323211410168,"2","2","NK_cell"
"CTAGACACACTCTGCT-1","NSCLC",42092,5963,2.98631568944217,"4","4","Macrophage"
"CTAGACAGTTGCCTAA-1","NSCLC",1998,996,4.3043043043043,"2","2","T_cells"
"CTAGGTAAGGCTAAAT-1","NSCLC",20232,4688,0.657374456306841,"0","0","Epithelial_cells"
"CTATCCGCATGAAGCG-1","NSCLC",4686,1909,3.26504481434059,"3","3","T_cells"
"CTATCTAGTATGAGCG-1","NSCLC",29861,5055,7.65881919560631,"0","0","Epithelial_cells"
"CTCAACCCAGCCTACG-1","NSCLC",19293,4584,2.72119421551858,"7","7","Tissue_stem_cells"
"CTCAAGAAGCCATCCG-1","NSCLC",13898,3109,1.28075982155706,"1","1","Epithelial_cells"
"CTCAAGAAGTTCCATG-1","NSCLC",33138,5705,3.35868187579214,"1","1","Epithelial_cells"
"CTCAAGACACCAGACC-1","NSCLC",6894,2232,2.55294458949811,"7","7","Tissue_stem_cells"
"CTCAAGACATTGACCA-1","NSCLC",2220,1171,0.720720720720721,"3","3","T_cells"
"CTCAATTAGCACACCC-1","NSCLC",3924,1756,0.586136595310907,"5","5","T_cells"
"CTCAATTTCGGCCCAA-1","NSCLC",2292,1106,8.7696335078534,"5","5","T_cells"
"CTCAGAACAGCTTTGA-1","NSCLC",5104,2107,3.17398119122257,"1","1","Epithelial_cells"
"CTCAGTCAGCATGTTC-1","NSCLC",3173,1288,4.38071225969114,"3","3","T_cells"
"CTCAGTCTCCATTCAT-1","NSCLC",12106,3654,2.1889971914753,"7","7","Tissue_stem_cells"
"CTCATGCCAAAGAACT-1","NSCLC",4059,1594,8.15471791081547,"2","2","T_cells"
"CTCATTAAGCATGCAG-1","NSCLC",5867,2274,2.11351627748423,"0","0","Epithelial_cells"
"CTCATTACATGACAGG-1","NSCLC",6818,2261,4.09210912290994,"1","1","T_cells"
"CTCCAACGTCCCTGAG-1","NSCLC",7508,2593,9.33670751198721,"1","1","Epithelial_cells"
"CTCCAACTCGTGCAGC-1","NSCLC",25966,5153,6.07717784795502,"0","0","Epithelial_cells"
"CTCCACACAAGGCAAC-1","NSCLC",6713,1871,3.66453150603307,"4","4","B_cell"
"CTCCCAAAGTGCAAAT-1","NSCLC",21414,4052,3.79658167553937,"4","4","Monocyte"
"CTCCCAAGTATCCCAA-1","NSCLC",2882,1334,7.63358778625954,"2","2","T_cells"
"CTCCCTCAGTTGCGAG-1","NSCLC",2967,1267,7.78564206268959,"3","3","T_cells"
"CTCCGATCAGTAACCT-1","NSCLC",36382,5950,7.81155516464186,"0","0","Epithelial_cells"
"CTCCGATTCACCGACG-1","NSCLC",4660,1310,3.32618025751073,"3","3","T_cells"
"CTCCTCCGTCGCTCGA-1","NSCLC",13566,2921,1.03936311366652,"0","0","Epithelial_cells"
"CTCCTTTAGGCTCAAG-1","NSCLC",14753,3672,2.16227208025486,"4","4","Macrophage"
"CTCCTTTAGGGATCGT-1","NSCLC",7235,2301,2.83344851416724,"5","5","T_cells"
"CTCCTTTTCGTACACA-1","NSCLC",5186,1718,3.12379483224065,"2","2","T_cells"
"CTCGAGGAGGCTCTAT-1","NSCLC",3137,1194,0.956327701625757,"1","1","Epithelial_cells"
"CTCGAGGCACCAGCCA-1","NSCLC",4332,1480,6.1865189289012,"2","2","T_cells"
"CTCTCGAAGGTAATCA-1","NSCLC",4080,1574,3.70098039215686,"2","2","NK_cell"
"CTCTGGTCAGTTCCAA-1","NSCLC",2743,1118,3.9008384979949,"3","3","T_cells"
"CTCTGGTGTTGTGCCG-1","NSCLC",21531,2221,1.56054061585621,"6","6","B_cell"
"CTGAATGGTTCTCTCG-1","NSCLC",3723,1888,0.2686005909213,"2","2","T_cells"
"CTGAGCGGTATTGGCT-1","NSCLC",19425,3691,5.94079794079794,"4","4","Macrophage"
"CTGAGCGTCATCAGTG-1","NSCLC",2396,1142,0.0834724540901502,"1","1","Epithelial_cells"
"CTGATCCCATTGAAAG-1","NSCLC",6169,1648,6.56508348192576,"4","4","Monocyte"
"CTGATCCGTCCCGTGA-1","NSCLC",4820,1558,4.19087136929461,"2","2","NK_cell"
"CTGCATCCAGCTGTCG-1","NSCLC",19032,4059,4.56073980664145,"0","0","Epithelial_cells"
"CTGCATCCATGAATCC-1","NSCLC",3140,1232,4.01273885350318,"3","3","T_cells"
"CTGCCATAGGCATTTC-1","NSCLC",3776,1435,4.10487288135593,"3","3","T_cells"
"CTGCCATCACTGCACG-1","NSCLC",3914,1512,2.50383239652529,"5","5","T_cells"
"CTGCCATTCAGGAGAC-1","NSCLC",6095,2061,5.08613617719442,"2","2","T_cells"
"CTGCCTAAGCCGTTAT-1","NSCLC",24143,3157,2.82897734332933,"6","6","B_cell"
"CTGCCTAAGGTAAACT-1","NSCLC",1456,843,5.42582417582418,"1","1","Epithelial_cells"
"CTGCGAGTCTCAACGA-1","NSCLC",22569,4522,5.55629403163632,"0","0","Epithelial_cells"
"CTGGACGTCAACCGAT-1","NSCLC",24497,1852,1.24096828183043,"6","6","B_cell"
"CTGGTCTGTGATAGTA-1","NSCLC",26957,5424,5.67199614200393,"0","0","Epithelial_cells"
"CTGTACCCAGCTACCG-1","NSCLC",3808,1160,4.98949579831933,"2","2","NK_cell"
"CTGTACCTCCTATTGT-1","NSCLC",4943,1653,1.41614404207971,"1","1","Epithelial_cells"
"CTGTAGACAGAACCGA-1","NSCLC",3698,899,5.19199567333694,"6","6","B_cell"
"CTGTATTAGAGTACCG-1","NSCLC",30412,2211,0.963435485992371,"6","6","B_cell"
"CTGTATTCACTGCTTC-1","NSCLC",24087,4913,6.01984472952215,"1","1","Epithelial_cells"
"CTGTCGTTCTAACGGT-1","NSCLC",3837,1565,3.62262183997915,"5","5","T_cells"
"CTGTGAAAGACTTCCA-1","NSCLC",3314,1425,3.28907664453832,"3","3","T_cells"
"CTGTGGGTCTAGACCA-1","NSCLC",5041,1905,6.66534417774251,"2","2","T_cells"
"CTTACCGCACTCACTC-1","NSCLC",3493,1492,8.30231892356141,"1","1","Epithelial_cells"
"CTTAGGATCTGGGTCG-1","NSCLC",10773,2637,0.993223800241344,"4","4","Macrophage"
"CTTCCGACAAGCTGTT-1","NSCLC",3256,1562,1.35135135135135,"2","2","T_cells"
"CTTCCTTTCTGAGGTT-1","NSCLC",8125,2659,5.82153846153846,"4","4","Monocyte"
"CTTCGGTAGACAACTA-1","NSCLC",9349,3091,2.39597817948444,"1","1","Epithelial_cells"
"CTTCGGTGTAAGGCCA-1","NSCLC",5798,1810,6.15729561917903,"2","2","NK_cell"
"CTTCGGTTCAGCTCTC-1","NSCLC",2509,1167,0.797130330809087,"3","3","T_cells"
"CTTCGGTTCGGTATGT-1","NSCLC",1665,936,0.18018018018018,"3","3","T_cells"
"CTTCTAAAGCCGAATG-1","NSCLC",3566,1462,3.22490185081324,"5","5","T_cells"
"CTTCTAAAGGGATGTC-1","NSCLC",21381,3918,5.82292689771292,"0","0","Epithelial_cells"
"CTTCTAACAATGTTGC-1","NSCLC",12936,3849,3.60235003092146,"1","1","Epithelial_cells"
"CTTCTCTGTTGGATCT-1","NSCLC",21439,4881,0.307850179579271,"0","0","Epithelial_cells"
"CTTCTCTTCCGCTGTT-1","NSCLC",7713,2330,4.10994424996759,"3","3","T_cells"
"CTTGAGACAATTGCAC-1","NSCLC",7430,2098,5.93539703903096,"4","4","B_cell"
"CTTGAGACATTCCTCG-1","NSCLC",2040,1044,7.20588235294118,"3","3","T_cells"
"CTTGATTCATGTCGTA-1","NSCLC",18876,4182,5.05403687221869,"0","0","Epithelial_cells"
"CTTTCAAGTGACCTGC-1","NSCLC",3418,1294,2.89643066120538,"3","3","T_cells"
"CTTTCGGGTTCTCGCT-1","NSCLC",13224,3738,7.4107683000605,"1","1","Epithelial_cells"
"GAAATGACAGCCATTA-1","NSCLC",10104,2454,5.84916864608076,"4","4","Monocyte"
"GAAATGAGTAACGCGA-1","NSCLC",4209,1139,2.70848182466144,"1","1","Epithelial_cells"
"GAACGTTCAAGACGGT-1","NSCLC",7144,2246,1.62374020156775,"1","1","Epithelial_cells"
"GAACGTTGTAGAGTTA-1","NSCLC",1823,724,1.04223806911684,"6","6","B_cell"
"GAACGTTGTTGCTCCT-1","NSCLC",24050,4988,5.52598752598753,"0","0","Epithelial_cells"
"GAACTGTAGGCCCAAA-1","NSCLC",11042,3467,1.04147799311719,"4","4","Macrophage"
"GAACTGTCATCTCATT-1","NSCLC",2309,1335,6.06323083585968,"1","1","Epithelial_cells"
"GAAGAATTCCAACCGG-1","NSCLC",16761,3168,5.42330409880079,"0","0","Epithelial_cells"
"GAAGCCCAGGTCATAA-1","NSCLC",13602,1862,0.242611380679312,"1","1","Epithelial_cells"
"GAAGCGAGTCGCCACA-1","NSCLC",2919,1250,4.31654676258993,"0","0","Epithelial_cells"
"GAAGGGTCATCCGTGG-1","NSCLC",3724,1173,3.89366272824919,"3","3","T_cells"
"GAAGTAACAAGGACAC-1","NSCLC",5760,1362,7.53472222222222,"6","6","B_cell"
"GAAGTAATCTCGTTTA-1","NSCLC",12632,2751,2.12159594680177,"8","8","B_cell"
"GAATAGACACATTGTG-1","NSCLC",10803,2855,6.48893825789133,"4","4","Monocyte"
"GAATAGACAGTTAGGG-1","NSCLC",4576,1579,3.95541958041958,"3","3","T_cells"
"GAATCGTCAACAAAGT-1","NSCLC",20426,3206,0.102810143934202,"1","1","Epithelial_cells"
"GACACGCGTAAGGAGA-1","NSCLC",23020,4988,3.27975673327541,"1","1","Epithelial_cells"
"GACACGCGTGCTTCAA-1","NSCLC",13327,2405,3.43663240039019,"8","8","B_cell"
"GACAGCCAGACTCTTG-1","NSCLC",11760,2476,2.9421768707483,"8","8","Pre-B_cell_CD34-"
"GACAGCCTCCACAGGC-1","NSCLC",2991,1205,0.267469073888332,"5","5","T_cells"
"GACATCAAGTTTGCTG-1","NSCLC",3540,1691,7.20338983050847,"2","2","NK_cell"
"GACATCAGTCTCTCAC-1","NSCLC",32472,5300,0.258684405025868,"0","0","Epithelial_cells"
"GACCAATAGGTGATCG-1","NSCLC",30144,5754,1.3734076433121,"1","1","Epithelial_cells"
"GACCAATAGGTTGGAC-1","NSCLC",2858,1051,8.36249125262421,"3","3","T_cells"
"GACCAATGTAACATGA-1","NSCLC",4262,1835,3.02674800563116,"5","5","T_cells"
"GACCAATTCCCATACC-1","NSCLC",1530,808,7.71241830065359,"3","3","DC"
"GACCCAGAGGGATCGT-1","NSCLC",3513,1386,5.60774267008255,"3","3","T_cells"
"GACCCAGTCCCGAGGT-1","NSCLC",6162,1983,5.77734501785135,"4","4","Monocyte"
"GACCCTTCAATTTCCT-1","NSCLC",5904,2005,3.87872628726287,"8","8","Monocyte"
"GACCCTTGTAACGTTC-1","NSCLC",4636,1622,2.30802415875755,"2","2","T_cells"
"GACCTTCGTCGAGATG-1","NSCLC",3454,1876,3.85060799073538,"0","0","Epithelial_cells"
"GACGTTAAGTATGAAC-1","NSCLC",6857,1950,5.51261484614263,"4","4","Monocyte"
"GACGTTATCATTATCC-1","NSCLC",14298,3700,7.8192754231361,"0","0","Epithelial_cells"
"GACTATGAGAGTTGCG-1","NSCLC",7216,1804,7.02605321507761,"4","4","Monocyte"
"GACTATGAGTGGTTCT-1","NSCLC",4656,1623,5.4553264604811,"5","5","T_cells"
"GACTATGGTGAGAACC-1","NSCLC",4917,1946,3.90482001220256,"2","2","NK_cell"
"GACTCTCAGCATGATA-1","NSCLC",6330,2074,5.84518167456556,"3","3","T_cells"
"GACTCTCAGTTATGGA-1","NSCLC",31040,5788,4.15592783505155,"1","1","Epithelial_cells"
"GACTGATAGCTACGTT-1","NSCLC",4940,1698,2.79352226720648,"3","3","NK_cell"
"GAGAAATAGAGGATGA-1","NSCLC",2430,1086,0.823045267489712,"1","1","Keratinocytes"
"GAGAAATGTCACTTCC-1","NSCLC",37598,5908,0.518644608755785,"0","0","Epithelial_cells"
"GAGAAATGTTCGGTTA-1","NSCLC",1175,623,0.425531914893617,"1","1","DC"
"GAGACCCCATCCGCGA-1","NSCLC",2084,1158,8.20537428023033,"1","1","Epithelial_cells"
"GAGACTTCAACCGTGC-1","NSCLC",5779,2193,2.45717252119744,"4","4","Macrophage"
"GAGAGGTAGCTAGATA-1","NSCLC",24524,4493,4.77491436959713,"0","0","Epithelial_cells"
"GAGCTGCGTCGATTAC-1","NSCLC",7830,2018,3.4610472541507,"8","8","Pre-B_cell_CD34-"
"GAGGCCTCATCCCACT-1","NSCLC",4600,1469,5.71739130434783,"2","2","NK_cell"
"GAGTCATAGGTGCATG-1","NSCLC",12177,2807,2.70181489693685,"1","1","Epithelial_cells"
"GAGTCATCACGTGTGC-1","NSCLC",9921,1211,1.07852031045258,"6","6","B_cell"
"GAGTCTACAGAGCGTA-1","NSCLC",2587,1108,1.27560881329726,"2","2","T_cells"
"GAGTCTAGTGACAGCA-1","NSCLC",6469,2332,6.13696089040037,"7","7","Fibroblasts"
"GAGTCTATCCTGTTAT-1","NSCLC",5625,1953,2.4,"5","5","T_cells"
"GAGTGAGCAGCGACAA-1","NSCLC",3292,1321,4.5868772782503,"2","2","T_cells"
"GAGTGTTCAGCAGTCC-1","NSCLC",21049,4329,5.90051783932728,"0","0","Epithelial_cells"
"GAGTGTTTCAGCGCAC-1","NSCLC",29023,5080,5.86086896599249,"0","0","Epithelial_cells"
"GAGTTACAGTGCAACG-1","NSCLC",3691,1611,2.76347873205093,"3","3","NK_cell"
"GAGTTGTAGGAAAGTG-1","NSCLC",2948,1247,0.915875169606513,"3","3","T_cells"
"GAGTTTGTCACCTCGT-1","NSCLC",2357,418,1.3576580398812,"3","3","Epithelial_cells"
"GAGTTTGTCGCCAGTG-1","NSCLC",2523,1102,1.14942528735632,"3","3","T_cells"
"GATAGAACAAGAGCTG-1","NSCLC",4118,1493,5.39096648858669,"3","3","T_cells"
"GATCAGTGTCCGAAAG-1","NSCLC",6668,2061,0.914817036592682,"4","4","Macrophage"
"GATCAGTTCAGGACAG-1","NSCLC",4105,1810,6.50426309378806,"1","1","Epithelial_cells"
"GATCATGTCGCTTGCT-1","NSCLC",8964,2239,3.6813922356091,"4","4","Monocyte"
"GATCGTACACGGCTAC-1","NSCLC",4522,1281,4.13533834586466,"2","2","NK_cell"
"GATCGTAGTCGAAACG-1","NSCLC",599,424,6.67779632721202,"3","3","DC"
"GATGACTTCCTTATGT-1","NSCLC",27994,4381,4.28663284989641,"4","4","Monocyte"
"GATGAGGCAAATGCTC-1","NSCLC",3308,1489,1.96493349455865,"2","2","T_cells"
"GATGAGGTCTCGGTCT-1","NSCLC",19279,4132,5.61751128170548,"4","4","Monocyte"
"GATGATCGTTGCGGAA-1","NSCLC",24902,3974,1.94763472813429,"1","1","Epithelial_cells"
"GATGGAGTCGTTGTAG-1","NSCLC",2892,1098,6.05117565698479,"2","2","NK_cell"
"GATGTTGAGAAGATCT-1","NSCLC",9963,2790,1.61597912275419,"1","1","Epithelial_cells"
"GATGTTGCATGGCGCT-1","NSCLC",17379,3728,1.26589562115196,"4","4","Monocyte"
"GATGTTGTCCAGGACC-1","NSCLC",26889,5242,5.35534977128194,"0","0","Epithelial_cells"
"GATGTTGTCTTTCGAT-1","NSCLC",4521,1603,2.67639902676399,"3","3","T_cells"
"GATTCGACACAGCTTA-1","NSCLC",4461,1565,6.27661959201973,"2","2","T_cells"
"GATTCTTAGTCTCCTC-1","NSCLC",3066,1261,3.78343118069145,"2","2","T_cells"
"GATTCTTCAGTCAGTT-1","NSCLC",3916,1621,6.00102145045965,"2","2","T_cells"
"GATTTCTCACCGGCTA-1","NSCLC",5019,1969,6.61486351862921,"2","2","T_cells"
"GCAACATCAGCGACCT-1","NSCLC",7765,2676,3.70895041854475,"1","1","T_cells"
"GCAACATGTACAGAAT-1","NSCLC",4612,1597,5.11708586296618,"5","5","T_cells"
"GCAACATTCAAAGAAC-1","NSCLC",10529,2264,3.68506030962105,"8","8","Pre-B_cell_CD34-"
"GCAACCGAGCCAGTAG-1","NSCLC",6338,2404,6.84758598927106,"7","7","Tissue_stem_cells"
"GCACATACAAGTATAG-1","NSCLC",3672,1564,2.01525054466231,"5","5","T_cells"
"GCACATAGTCGGTGAA-1","NSCLC",16028,4121,1.01073122036436,"0","0","Epithelial_cells"
"GCACGGTAGACATAAC-1","NSCLC",18918,4223,6.55460408076964,"0","0","Epithelial_cells"
"GCACTAAAGGCCATAG-1","NSCLC",11205,2640,7.65729585006693,"4","4","Macrophage"
"GCAGCCAAGAGGGCGA-1","NSCLC",15872,3969,3.36441532258065,"0","0","Epithelial_cells"
"GCAGCCAAGCGTATAA-1","NSCLC",11198,2475,4.88480085729595,"4","4","Monocyte"
"GCAGCCAGTATCGTGT-1","NSCLC",4218,1550,5.19203413940256,"2","2","T_cells"
"GCAGCTGCAAGTCGTT-1","NSCLC",4882,1958,2.64235968865219,"7","7","Tissue_stem_cells"
"GCAGCTGCAGGCACTC-1","NSCLC",2872,1267,4.83983286908078,"2","2","T_cells"
"GCATCGGCACATACTG-1","NSCLC",36055,5558,5.50270420191374,"0","0","Epithelial_cells"
"GCATCGGTCTTCTTCC-1","NSCLC",11559,1339,2.92412838480837,"6","6","B_cell"
"GCATCTCCATAAGCAA-1","NSCLC",4905,1580,2.95616717635066,"1","1","Epithelial_cells"
"GCATCTCGTGTCTTGA-1","NSCLC",29950,5529,8.96494156928214,"0","0","Epithelial_cells"
"GCATGATGTGTGCTTA-1","NSCLC",12841,3195,1.80671287282922,"4","4","Monocyte"
"GCATTAGAGATGGCGT-1","NSCLC",25535,5286,0.532602310554141,"0","0","Epithelial_cells"
"GCATTAGTCCGCAAAT-1","NSCLC",1339,849,2.24047796863331,"2","2","T_cells"
"GCCAACGCAGATTAAG-1","NSCLC",28294,5813,7.90273556231003,"0","0","Epithelial_cells"
"GCCAGCAGTTAGGGTG-1","NSCLC",24771,4411,1.78030761777885,"1","1","Epithelial_cells"
"GCCAGGTAGAAATCCA-1","NSCLC",4449,1629,4.87750056192403,"2","2","T_cells"
"GCCAGGTAGGTGCTAG-1","NSCLC",21954,4012,0.847226018037715,"0","0","Epithelial_cells"
"GCCAGGTTCTGTGCAA-1","NSCLC",12323,3858,3.16481376288242,"1","1","Epithelial_cells"
"GCCATGGCAACCGATT-1","NSCLC",3189,1245,8.78018187519599,"2","2","NK_cell"
"GCCATGGGTGTACATC-1","NSCLC",3536,1444,7.18325791855204,"2","2","T_cells"
"GCCATGGTCTGAATGC-1","NSCLC",12685,2566,4.54079621600315,"4","4","Monocyte"
"GCCATTCAGGGTGAAA-1","NSCLC",1477,790,4.062288422478,"1","1","Epithelial_cells"
"GCCGATGGTACGGCAA-1","NSCLC",6556,1168,7.39780353874314,"6","6","B_cell"
"GCCGTGACACCCAATA-1","NSCLC",3755,1517,3.19573901464714,"5","5","T_cells"
"GCGAGAAAGGTTGGAC-1","NSCLC",1425,745,9.6140350877193,"3","3","NK_cell"
"GCGAGAACACGACGAA-1","NSCLC",37534,5848,8.63750199818831,"0","0","Epithelial_cells"
"GCGGATCTCAAGCCCG-1","NSCLC",5477,1905,4.87493153186051,"1","1","Epithelial_cells"
"GCGTGCACAAGCGGAT-1","NSCLC",2776,1325,8.82564841498559,"3","3","T_cells"
"GCGTGCATCTCAGGCG-1","NSCLC",4608,1553,5.23003472222222,"2","2","NK_cell"
"GCTACCTGTATACCCA-1","NSCLC",5471,2153,6.78121001645037,"1","1","Epithelial_cells"
"GCTACCTTCAGCAATC-1","NSCLC",15062,4379,5.76284689948214,"1","1","Epithelial_cells"
"GCTCAAAGTGTACAGG-1","NSCLC",38067,5461,5.65844432185357,"0","0","Epithelial_cells"
"GCTGAATAGTCCTGCG-1","NSCLC",22529,5185,3.59092724932309,"1","1","Epithelial_cells"
"GCTGAATTCGCCAACG-1","NSCLC",4823,1568,5.45303752850923,"2","2","NK_cell"
"GCTGGGTTCCTATTGT-1","NSCLC",19116,4549,4.96965892446118,"0","0","Epithelial_cells"
"GCTGGGTTCGTAACAC-1","NSCLC",1605,914,0.685358255451713,"1","1","Epithelial_cells"
"GCTTCACCAGGTGACA-1","NSCLC",1910,939,0.31413612565445,"3","3","T_cells"
"GCTTCACTCTACACTT-1","NSCLC",5457,2275,3.09693971046362,"1","1","Epithelial_cells"
"GCTTTCGAGATGTTGA-1","NSCLC",29413,5751,6.50732669227892,"0","0","Epithelial_cells"
"GCTTTCGTCCCGAATA-1","NSCLC",4259,1506,3.75675041089458,"2","2","T_cells"
"GGAACCCCACGGGCTT-1","NSCLC",22394,1626,1.34857551129767,"6","6","B_cell"
"GGAATCTCATGCTGCG-1","NSCLC",17720,2323,3.82618510158014,"1","1","Epithelial_cells"
"GGAATGGGTCGACGCT-1","NSCLC",4301,1551,4.37107649383864,"5","5","T_cells"
"GGACGTCCATCTGGGC-1","NSCLC",3974,1453,0.805234021137393,"3","3","T_cells"
"GGACGTCGTCCTGAAT-1","NSCLC",6963,1982,3.446790176648,"4","4","Monocyte"
"GGAGATGCACGAAGAC-1","NSCLC",6763,1979,6.16590270589975,"5","5","T_cells"
"GGAGATGTCACTGGTA-1","NSCLC",3178,1545,5.34927627438641,"5","5","T_cells"
"GGAGCAAGTACGAGTG-1","NSCLC",3224,439,0.465260545905707,"6","6","B_cell"
"GGAGCAAGTGGATCGA-1","NSCLC",2703,1198,0.221975582685905,"5","5","T_cells"
"GGATCTAGTGCAATAA-1","NSCLC",1796,984,0.44543429844098,"3","3","T_cells"
"GGATGTTGTTCTCACC-1","NSCLC",4422,1396,5.20126639529625,"2","2","NK_cell"
"GGATGTTTCCCTCATG-1","NSCLC",15374,3653,4.89787953688045,"0","0","Epithelial_cells"
"GGCAGTCAGAAACTAC-1","NSCLC",8155,2422,0.784794604537094,"1","1","Epithelial_cells"
"GGCAGTCAGTCAGCGA-1","NSCLC",48156,5684,0.116288728299693,"1","1","Epithelial_cells"
"GGCAGTCCATCGCTGG-1","NSCLC",853,552,7.15123094958968,"1","1","Epithelial_cells"
"GGCGTCACACTTGTCC-1","NSCLC",21325,4016,4.60023446658851,"1","1","Epithelial_cells"
"GGCTGTGGTCTTGGTA-1","NSCLC",6085,2710,6.83648315529992,"1","1","Epithelial_cells"
"GGCTTGGCACAAAGTA-1","NSCLC",22296,4453,2.6237890204521,"1","1","Epithelial_cells"
"GGCTTGGCACAATTCG-1","NSCLC",36014,5569,5.62836674626534,"0","0","Epithelial_cells"
"GGCTTGGTCACTACTT-1","NSCLC",13566,3611,2.17455403213917,"7","7","Tissue_stem_cells"
"GGCTTTCAGTCGAAAT-1","NSCLC",2849,1282,3.22920322920323,"3","3","T_cells"
"GGCTTTCTCCACGTCT-1","NSCLC",11329,3297,1.3593432783123,"1","1","Epithelial_cells"
"GGCTTTCTCCATACTT-1","NSCLC",13471,2895,3.55578650434266,"4","4","Monocyte"
"GGGACAACATGGCTGC-1","NSCLC",10051,2483,5.97950452691274,"4","4","DC"
"GGGACCTCACTGGAAG-1","NSCLC",2092,1067,6.02294455066922,"3","3","T_cells"
"GGGACCTGTGCGGATA-1","NSCLC",18872,4165,4.08541754980924,"4","4","Macrophage"
"GGGAGATAGGTTTGAA-1","NSCLC",28672,5247,0.418526785714286,"1","1","Epithelial_cells"
"GGGAGTAAGGCTAAAT-1","NSCLC",17800,3904,5.12921348314607,"4","4","B_cell"
"GGGATCCTCGAGTGAG-1","NSCLC",45591,5319,0.291724243820052,"0","0","Epithelial_cells"
"GGGATGAGTCTAGTGT-1","NSCLC",18635,3543,4.92084786691709,"0","0","Epithelial_cells"
"GGGCTACCAGGCAATG-1","NSCLC",1570,909,3.2484076433121,"3","3","T_cells"
"GGGCTACGTACTCCCT-1","NSCLC",2741,1172,4.30499817584823,"3","3","NK_cell"
"GGGCTCAAGTGGAATT-1","NSCLC",11542,1430,3.46560388147635,"6","6","B_cell"
"GGGTAGAGTCTCGGAC-1","NSCLC",18496,3823,7.94766435986159,"4","4","Macrophage"
"GGGTAGATCTAGTCAG-1","NSCLC",16883,4259,5.06426582953267,"0","0","Epithelial_cells"
"GGGTATTCACTACAGT-1","NSCLC",18977,3827,4.12077778363282,"4","4","Macrophage"
"GGGTATTGTCGCGTTG-1","NSCLC",2046,909,0.391006842619746,"3","3","T_cells"
"GGGTCACAGTTTAGGA-1","NSCLC",4005,1326,4.96878901373283,"2","2","NK_cell"
"GGGTCACGTGTCATTG-1","NSCLC",4992,2123,1.5224358974359,"7","7","Tissue_stem_cells"
"GGGTCTGCACAGCCAC-1","NSCLC",28968,5056,1.39809444904722,"1","1","Epithelial_cells"
"GGGTCTGGTAACCCTA-1","NSCLC",19607,4500,1.23935329219156,"0","0","Epithelial_cells"
"GGGTCTGGTGACAACG-1","NSCLC",15240,2997,3.95669291338583,"4","4","Monocyte"
"GGGTCTGGTTGCACGC-1","NSCLC",14105,3077,6.38071605813541,"4","4","Macrophage"
"GGGTGAAGTCAGACGA-1","NSCLC",20331,4114,1.18046333185775,"0","0","Epithelial_cells"
"GGGTGTCTCGTCAAAC-1","NSCLC",18478,4215,2.22426669552982,"1","1","Epithelial_cells"
"GGGTTATCACCCTTAC-1","NSCLC",2410,1183,6.39004149377593,"3","3","T_cells"
"GGGTTATGTCAGCTTA-1","NSCLC",851,541,2.11515863689777,"3","3","T_cells"
"GGGTTTAGTGAGCAGT-1","NSCLC",13945,2946,6.05234851201147,"4","4","Macrophage"
"GGTAACTCAAGTTCGT-1","NSCLC",25691,4419,3.74060955198318,"1","1","Epithelial_cells"
"GGTAATCAGCAGGCTA-1","NSCLC",3960,1661,2.62626262626263,"2","2","T_cells"
"GGTCACGTCGTTCATT-1","NSCLC",2722,1221,3.8574577516532,"1","1","Epithelial_cells"
"GGTCTGGCACAGTCCG-1","NSCLC",6657,2050,6.56451855190026,"2","2","T_cells"
"GGTGAAGAGAGGGTGG-1","NSCLC",5237,1615,5.40385717013557,"2","2","NK_cell"
"GGTGTCGCAACCGTGC-1","NSCLC",4536,950,3.57142857142857,"6","6","NK_cell"
"GGTGTTAAGGAGGCAG-1","NSCLC",6098,2090,7.69104624467038,"4","4","Monocyte"
"GGTGTTAAGTTGCTCA-1","NSCLC",12407,3746,4.52164100910776,"1","1","Epithelial_cells"
"GGTGTTACATACCACA-1","NSCLC",2684,1292,4.76900149031297,"2","2","NK_cell"
"GGTTAACTCCGAGTGC-1","NSCLC",8986,3043,0.489650567549522,"7","7","Tissue_stem_cells"
"GGTTGTAGTGTTATCG-1","NSCLC",18569,4474,3.61893478377942,"7","7","Tissue_stem_cells"
"GTAAGTCTCTCGAGTA-1","NSCLC",3953,1646,4.70528712370352,"2","2","NK_cell"
"GTAATCGGTAGTGGCA-1","NSCLC",13826,3632,5.77896716331549,"0","0","Epithelial_cells"
"GTAATCGTCTTGGCTC-1","NSCLC",5575,1951,3.49775784753363,"5","5","T_cells"
"GTAATGCCATTACTCT-1","NSCLC",3228,1509,0.712515489467162,"3","3","T_cells"
"GTAATGCCATTCACCC-1","NSCLC",9511,2479,4.57365156135002,"0","0","Epithelial_cells"
"GTAATGCTCTTCCAGC-1","NSCLC",24140,4914,6.20546810273405,"0","0","Epithelial_cells"
"GTACAACGTTCTTGTT-1","NSCLC",3773,1325,5.22130930294196,"2","2","NK_cell"
"GTAGAGGTCGATCCAA-1","NSCLC",21846,4326,5.44264396228142,"0","0","Epithelial_cells"
"GTAGCTAAGAAGTCCG-1","NSCLC",4005,1486,7.36579275905119,"2","2","T_cells"
"GTAGTACAGGACAAGA-1","NSCLC",29919,2241,0.982653163541562,"6","6","B_cell"
"GTAGTACTCTGGTGGC-1","NSCLC",18533,4405,3.23746829978956,"1","1","Epithelial_cells"
"GTATTGGGTATCCTCC-1","NSCLC",26312,5652,0.353450896929158,"1","1","Epithelial_cells"
"GTATTGGTCACTCGAA-1","NSCLC",24395,4593,5.5995080959213,"4","4","Monocyte"
"GTATTTCCACCAGTTA-1","NSCLC",35285,5614,7.1503471730197,"0","0","Epithelial_cells"
"GTCAAACAGAATTCAG-1","NSCLC",25238,4660,2.75378397654331,"0","0","Epithelial_cells"
"GTCAAACTCTTTACAC-1","NSCLC",5339,2138,5.20696759692826,"2","2","T_cells"
"GTCAAGTAGCCAAGTG-1","NSCLC",4718,1333,4.13310724883425,"3","3","T_cells"
"GTCAAGTAGCGCCTAC-1","NSCLC",3635,1477,7.73039889958735,"2","2","T_cells"
"GTCAAGTTCTCGCTCA-1","NSCLC",4558,1093,8.33698990785432,"6","6","Macrophage"
"GTCACTCAGGTTGGTG-1","NSCLC",3400,1515,7.55882352941177,"2","2","T_cells"
"GTCAGCGCAACGGCCT-1","NSCLC",3209,1088,8.32034901838579,"3","3","T_cells"
"GTCAGCGCAAGAGGCT-1","NSCLC",6877,2070,6.5871746401047,"1","1","T_cells"
"GTCAGCGCAGTTAGAA-1","NSCLC",16736,3857,6.78178776290631,"0","0","Epithelial_cells"
"GTCATCCTCCCGAACG-1","NSCLC",11442,3292,1.59063100856494,"4","4","Monocyte"
"GTCATGAGTCATGACT-1","NSCLC",7686,1350,5.36039552432995,"6","6","B_cell"
"GTCATGAGTCTAACTG-1","NSCLC",16372,3850,4.42829220620572,"1","1","Epithelial_cells"
"GTCATGATCTGACGCG-1","NSCLC",4043,1372,6.13405886717784,"2","2","T_cells"
"GTCATTTAGTGTACCT-1","NSCLC",4407,1625,6.30814613115498,"2","2","T_cells"
"GTCCTCAAGCTTAGTC-1","NSCLC",24814,4727,9.82912871765939,"1","1","Epithelial_cells"
"GTCGCGAAGAACAGGA-1","NSCLC",14544,3134,5.34240924092409,"4","4","Monocyte"
"GTCGTTCAGGGTGAAA-1","NSCLC",22704,5134,4.51021846370684,"1","1","Epithelial_cells"
"GTCGTTCTCACCTGTC-1","NSCLC",2537,1161,3.42924714229405,"2","2","NK_cell"
"GTCTACCAGACGCAGT-1","NSCLC",3385,943,4.87444608567208,"6","6","B_cell"
"GTCTAGAAGGAGAGGC-1","NSCLC",4776,1672,8.47989949748744,"2","2","T_cells"
"GTCTAGAGTTCAAGTC-1","NSCLC",19807,3660,0.807795223910739,"0","0","Epithelial_cells"
"GTCTCACCAATTGCGT-1","NSCLC",4064,1704,5.70866141732284,"2","2","NK_cell"
"GTCTTTAAGCTGTCCG-1","NSCLC",4128,1546,5.35368217054264,"1","1","Epithelial_cells"
"GTCTTTATCAAAGACA-1","NSCLC",4833,1780,1.90357955721084,"5","5","T_cells"
"GTGAGCCGTGACAACG-1","NSCLC",22820,5548,2.80017528483786,"0","0","Epithelial_cells"
"GTGAGGACAAGGTCAG-1","NSCLC",41013,5605,3.69882720113135,"4","4","Monocyte"
"GTGAGGATCCACGTCT-1","NSCLC",25638,4627,0.487557531788751,"0","0","Epithelial_cells"
"GTGCACGGTTATTCTC-1","NSCLC",13885,3057,7.1083903492978,"0","0","Epithelial_cells"
"GTGCAGCCAGAGGCTA-1","NSCLC",25432,3941,3.81802453601762,"4","4","Macrophage"
"GTGCAGCTCCTCGATC-1","NSCLC",6813,2075,4.22721268163805,"2","2","NK_cell"
"GTGCGTGAGCGTCTCG-1","NSCLC",2111,885,5.02131691141639,"3","3","T_cells"
"GTGCGTGTCTACTGCC-1","NSCLC",13566,3482,1.51850213769718,"7","7","Fibroblasts"
"GTGCTTCCACCGTGAC-1","NSCLC",27152,4546,7.54640542133176,"0","0","Epithelial_cells"
"GTGGAAGCATCCCACT-1","NSCLC",8309,2331,2.03393910217836,"5","5","T_cells"
"GTGGAAGTCCGGGACT-1","NSCLC",14259,3153,6.45907847675153,"0","0","Epithelial_cells"
"GTGGAGACATGGGTCC-1","NSCLC",21858,5175,4.82203312288407,"1","1","Epithelial_cells"
"GTGGGAACAACCAATC-1","NSCLC",12765,3752,0.611045828437133,"7","7","Smooth_muscle_cells"
"GTGGGAAGTTTCGTTT-1","NSCLC",6014,1974,5.27103425340871,"5","5","T_cells"
"GTGGTTAGTTGATCGT-1","NSCLC",694,517,9.65417867435158,"3","3","DC"
"GTGGTTATCTACTTCA-1","NSCLC",18126,3948,0.226194416859759,"1","1","Epithelial_cells"
"GTGTAACCAGTCTACA-1","NSCLC",4970,1653,5.79476861167002,"2","2","NK_cell"
"GTGTCCTCACGGTAGA-1","NSCLC",23193,4033,4.03570042685293,"4","4","Macrophage"
"GTGTGGCAGAATAACC-1","NSCLC",9357,2967,0.897723629368387,"0","0","Epithelial_cells"
"GTGTTAGAGTGGCCTC-1","NSCLC",4410,1182,3.92290249433107,"3","3","T_cells"
"GTGTTAGTCTGGTGGC-1","NSCLC",3366,1301,7.75401069518717,"3","3","T_cells"
"GTGTTCCGTACTCGTA-1","NSCLC",7013,2026,9.89590760017111,"0","0","Epithelial_cells"
"GTGTTCCTCCGCTAGG-1","NSCLC",2980,1164,8.42281879194631,"2","2","NK_cell"
"GTTACGATCCGAGCTG-1","NSCLC",4273,1414,4.44652468991341,"5","5","T_cells"
"GTTAGTGAGTATGTAG-1","NSCLC",5511,1858,2.64924696062421,"5","5","T_cells"
"GTTAGTGCAGGTCCGT-1","NSCLC",7496,1754,6.52347918890075,"4","4","B_cell"
"GTTAGTGGTATTGGCT-1","NSCLC",4312,1644,5.38033395176252,"2","2","NK_cell"
"GTTATGGAGACCAGCA-1","NSCLC",6692,2360,2.34608487746563,"0","0","Epithelial_cells"
"GTTATGGGTGCGTGCT-1","NSCLC",37077,2287,0.739002616177145,"6","6","B_cell"
"GTTCCGTCAACTTGGT-1","NSCLC",15920,3774,8.34798994974874,"0","0","Epithelial_cells"
"GTTCGCTAGCGTACAG-1","NSCLC",3332,1327,0.570228091236495,"2","2","NK_cell"
"GTTCTATCAAACAGGC-1","NSCLC",4479,1542,7.18910471087296,"2","2","NK_cell"
"GTTCTATGTCCCAAAT-1","NSCLC",14988,3715,1.24099279423539,"1","1","Epithelial_cells"
"GTTCTATTCCGGCTTT-1","NSCLC",1286,742,9.33125972006221,"2","2","NK_cell"
"GTTCTATTCTCGGCTT-1","NSCLC",4557,2121,2.08470484968181,"2","2","T_cells"
"GTTGAACAGCGTCAAG-1","NSCLC",10313,3273,2.99621836517017,"4","4","Monocyte"
"GTTGAACTCGACTCCT-1","NSCLC",22563,4345,5.35389797456012,"0","0","Epithelial_cells"
"GTTGCTCCAACCAACT-1","NSCLC",2728,988,4.69208211143695,"3","3","T_cells"
"GTTGCTCCACGCGGTT-1","NSCLC",2644,1365,0.832072617246596,"3","3","T_cells"
"GTTGTCCAGCTCATAC-1","NSCLC",2333,905,5.87226746678097,"6","6","Monocyte"
"GTTGTGAGTCACAGTT-1","NSCLC",3505,1379,6.93295292439372,"3","3","T_cells"
"GTTTACTTCTAAGCGT-1","NSCLC",23303,4890,2.51469767841051,"7","7","Smooth_muscle_cells"
"GTTTGGAAGATTCGAA-1","NSCLC",2556,1255,9.38967136150235,"2","2","NK_cell"
"TAACACGCAAACCACT-1","NSCLC",20021,4400,7.44718046051646,"0","0","Epithelial_cells"
"TAACCAGAGCGATGAC-1","NSCLC",6599,2412,2.92468555841794,"4","4","Macrophage"
"TAACCAGTCACGGTCG-1","NSCLC",3226,1383,3.19280843149411,"3","3","T_cells"
"TAACGACGTGTCCCTT-1","NSCLC",5229,1708,4.99139414802065,"2","2","NK_cell"
"TAAGCACCAAGAGGTC-1","NSCLC",11880,3161,3.38383838383838,"7","7","Tissue_stem_cells"
"TAAGCCAAGTTGTCAC-1","NSCLC",20776,3411,3.08047747400847,"4","4","DC"
"TAAGCGTCACTCTCGT-1","NSCLC",3855,1624,5.99221789883268,"5","5","T_cells"
"TAAGTCGAGGCCTGAA-1","NSCLC",4007,1345,5.56526079361118,"2","2","NK_cell"
"TAAGTCGTCAGCCCAG-1","NSCLC",1215,772,5.84362139917696,"3","3","T_cells"
"TAATCTCGTGTCATGT-1","NSCLC",1775,1181,2.14084507042254,"1","1","Endothelial_cells"
"TAATCTCGTTGTGCCG-1","NSCLC",9077,2540,3.15082075575631,"4","4","B_cell"
"TAATTCCAGTGATCGG-1","NSCLC",9214,2100,5.66529194703712,"4","4","Monocyte"
"TAATTCCCACACACTA-1","NSCLC",5190,1739,7.09055876685935,"2","2","NK_cell"
"TAATTCCGTACTGCGC-1","NSCLC",4496,1727,3.62544483985765,"3","3","T_cells"
"TACAACGAGTCGCCAC-1","NSCLC",5963,1653,3.11923528425289,"5","5","T_cells"
"TACAACGGTCGAGTTT-1","NSCLC",4311,1551,3.50266759452563,"2","2","NK_cell"
"TACAACGTCTTCTGTA-1","NSCLC",13158,3862,0.729594163246694,"1","1","Epithelial_cells"
"TACACCCAGCTCGGCT-1","NSCLC",4146,1592,0.337674867342016,"2","2","NK_cell"
"TACACCCCAGCAGATG-1","NSCLC",932,647,8.90557939914163,"3","3","NK_cell"
"TACACCCGTGATACCT-1","NSCLC",15517,3435,5.89675839401946,"4","4","Macrophage"
"TACAGGTAGGCTGAAC-1","NSCLC",20797,3571,5.51521854113574,"4","4","Macrophage"
"TACCCGTCAGTGCCTG-1","NSCLC",4649,1660,4.75371047537105,"4","4","B_cell"
"TACCGAAAGCGACAGT-1","NSCLC",4348,1513,4.11683532658694,"5","5","T_cells"
"TACCGAATCGCCACTT-1","NSCLC",21163,4096,5.2544535273827,"4","4","Monocyte"
"TACCGGGTCCCGAAAT-1","NSCLC",1021,691,7.34573947110676,"1","1","BM & Prog."
"TACCTCGAGGTATCTC-1","NSCLC",17690,4487,0.915771622385528,"0","0","Epithelial_cells"
"TACCTCGAGGTCCTGC-1","NSCLC",22170,4869,2.6702751465945,"0","0","Epithelial_cells"
"TACCTGCTCGAATCCA-1","NSCLC",14339,3755,5.87209707789944,"0","0","Epithelial_cells"
"TACGCTCAGTCGAGGT-1","NSCLC",13125,3560,3.27619047619048,"0","0","Epithelial_cells"
"TACGCTCGTGTGTGGA-1","NSCLC",3879,1871,7.19257540603248,"1","1","iPS_cells"
"TACGCTCTCACCTTAT-1","NSCLC",4196,1513,3.38417540514776,"3","3","T_cells"
"TACGCTCTCTTGTTAC-1","NSCLC",4833,2228,7.49017173598179,"1","1","Epithelial_cells"
"TACGGGCCAGTAACGG-1","NSCLC",17495,3937,1.84052586453272,"0","0","Epithelial_cells"
"TACGGTACAGTTACCA-1","NSCLC",16790,4230,5.00893388921977,"0","0","Epithelial_cells"
"TACGTCCCATGTAACC-1","NSCLC",13109,3220,7.24692959035777,"4","4","Macrophage"
"TACTGCCGTAGTTAGA-1","NSCLC",11169,3314,2.22938490464679,"7","7","Tissue_stem_cells"
"TACTGCCTCGCTGCGA-1","NSCLC",4616,1654,5.15597920277296,"5","5","T_cells"
"TACTTACAGTCGCCAC-1","NSCLC",16192,3586,5.40390316205534,"4","4","Macrophage"
"TACTTACTCGTTCTAT-1","NSCLC",3651,1481,3.23199123527801,"2","2","NK_cell"
"TACTTCAAGGCGAAGG-1","NSCLC",4771,1741,6.89582896667365,"4","4","Monocyte"
"TACTTCACAATAGAGT-1","NSCLC",4643,1335,4.73831574413095,"3","3","T_cells"
"TACTTCATCAACACGT-1","NSCLC",819,620,2.1978021978022,"3","3","HSC_CD34+"
"TACTTCATCTGCATGA-1","NSCLC",21110,4446,1.3216485078162,"0","0","Epithelial_cells"
"TACTTGTCAGACCGCT-1","NSCLC",31707,5644,5.12820512820513,"4","4","Macrophage"
"TACTTGTGTGACCGTC-1","NSCLC",4516,1673,1.37289636846767,"2","2","T_cells"
"TAGACCAAGTTAACAG-1","NSCLC",4453,1577,5.16505726476533,"3","3","T_cells"
"TAGACCACACTGGAAG-1","NSCLC",1738,1086,2.64672036823936,"1","1","Epithelial_cells"
"TAGATCGAGTCAATCC-1","NSCLC",6385,1946,1.1433046202036,"1","1","Epithelial_cells"
"TAGCACATCTACAGGT-1","NSCLC",38276,5761,3.49305047549378,"0","0","Epithelial_cells"
"TAGGAGGCAACTGAAA-1","NSCLC",27813,4481,7.25919534030849,"4","4","Monocyte"
"TAGGGTTCACGGGCTT-1","NSCLC",15315,3071,2.70323212536729,"8","8","B_cell"
"TAGGGTTCAGCTATTG-1","NSCLC",18298,3303,0.923598207454367,"0","0","Epithelial_cells"
"TAGGTACAGAAAGTCT-1","NSCLC",38719,5851,5.69487848343191,"0","0","Epithelial_cells"
"TAGGTACAGCGTCAGA-1","NSCLC",1077,605,3.52831940575673,"1","1","Epithelial_cells"
"TAGGTACAGCTAAATG-1","NSCLC",4170,1727,2.6378896882494,"4","4","B_cell"
"TAGGTTGAGGGATCGT-1","NSCLC",27168,1847,1.28459952885748,"6","6","B_cell"
"TATACCTAGAAATGGG-1","NSCLC",3062,753,4.08229915088178,"6","6","HSC_CD34+"
"TATATCCAGCACCCAC-1","NSCLC",8394,2948,4.59852275434834,"7","7","Smooth_muscle_cells"
"TATATCCCAATGTTGC-1","NSCLC",3420,1386,2.98245614035088,"3","3","T_cells"
"TATATCCTCCAAAGGG-1","NSCLC",3579,1583,3.77200335289187,"2","2","T_cells"
"TATCAGGAGACTAGAT-1","NSCLC",4910,1479,8.08553971486762,"2","2","NK_cell"
"TATCAGGCAACCCGCA-1","NSCLC",1023,573,8.99315738025416,"3","3","T_cells"
"TATCCTATCCCATTCG-1","NSCLC",5149,1776,3.65119440668091,"3","3","T_cells"
"TATCGCCAGAGTACCG-1","NSCLC",3786,1597,8.61067089276281,"1","1","Smooth_muscle_cells"
"TATCGCCGTAGCTTTG-1","NSCLC",3039,1267,4.8042119118131,"3","3","T_cells"
"TATCGCCGTGCCGTTG-1","NSCLC",8448,2646,3.08948863636364,"2","2","T_cells"
"TATCTGTAGTTCCGTA-1","NSCLC",29123,5455,5.10593002094564,"0","0","Epithelial_cells"
"TATCTGTCACTGCATA-1","NSCLC",10287,3213,3.08155924953825,"5","5","T_cells"
"TATCTGTTCAATCTTC-1","NSCLC",2281,1079,4.64708461201228,"3","3","T_cells"
"TATCTTGAGGGTCTTT-1","NSCLC",4286,1461,7.58282781147923,"2","2","NK_cell"
"TATGTTCAGTGGTTCT-1","NSCLC",3213,1300,3.48583877995643,"3","3","T_cells"
"TATGTTCGTCTCCCTA-1","NSCLC",10817,2558,3.63317001016918,"8","8","DC"
"TATGTTCTCGCTACGG-1","NSCLC",11861,2563,0.0674479386223759,"0","0","Epithelial_cells"
"TATTCCAGTAATGCGG-1","NSCLC",10329,1103,3.39819924484461,"1","1","Epithelial_cells"
"TATTGCTTCTACCCAC-1","NSCLC",1438,781,7.44089012517385,"3","3","NK_cell"
"TATTGGGAGAAGATCT-1","NSCLC",4266,1902,0.843881856540084,"1","1","T_cells"
"TATTGGGAGTTTGAGA-1","NSCLC",10557,2123,1.51558207824192,"4","4","Monocyte"
"TATTGGGGTCTCAGGC-1","NSCLC",1165,692,5.06437768240343,"1","1","Epithelial_cells"
"TATTTCGAGAAGTGTT-1","NSCLC",8337,2055,6.0093558834113,"4","4","Monocyte"
"TATTTCGCAAAGAGTT-1","NSCLC",1116,666,2.06093189964158,"1","1","Epithelial_cells"
"TCAAGCATCATTGTGG-1","NSCLC",19470,4241,2.14175654853621,"0","0","Epithelial_cells"
"TCAATCTCAAATTAGG-1","NSCLC",3778,1314,5.84965590259397,"3","3","T_cells"
"TCACACCCAAGTCCAT-1","NSCLC",11138,3119,0.0538696354821332,"0","0","Epithelial_cells"
"TCACACCGTGTATCCA-1","NSCLC",4676,1767,4.64071856287425,"2","2","NK_cell"
"TCACATTGTCTTACTT-1","NSCLC",18639,3819,4.13112291431944,"0","0","Epithelial_cells"
"TCACATTTCTCGACCT-1","NSCLC",7299,1886,4.53486779010823,"8","8","B_cell"
"TCACGGGCAAGGATGC-1","NSCLC",3841,1193,4.50403540744598,"3","3","T_cells"
"TCACGGGCAGGCATTT-1","NSCLC",9991,1841,0.0200180162145931,"1","1","Epithelial_cells"
"TCACTATCAAATGAAC-1","NSCLC",12014,3261,0.915598468453471,"0","0","Epithelial_cells"
"TCACTCGAGGATACCG-1","NSCLC",3585,1749,5.66248256624826,"3","3","T_cells"
"TCACTCGGTGCCCTTT-1","NSCLC",1597,784,1.62805259862242,"3","3","T_cells"
"TCACTCGTCGCAGTGC-1","NSCLC",7511,2114,4.14059379576621,"4","4","B_cell"
"TCACTCGTCGCTCTCA-1","NSCLC",5463,1973,4.37488559399597,"3","3","T_cells"
"TCAGCCTAGGACTGGT-1","NSCLC",13280,3705,0.640060240963855,"4","4","Monocyte"
"TCAGCCTGTCATAACC-1","NSCLC",5608,2008,4.9037089871612,"1","1","T_cells"
"TCAGCCTGTGCCCGTA-1","NSCLC",898,555,3.89755011135857,"3","3","NK_cell"
"TCAGCCTGTTGCATCA-1","NSCLC",10543,2685,0.787252205254671,"4","4","Monocyte"
"TCAGCCTTCCACCTGT-1","NSCLC",4486,1827,3.54436023183237,"2","2","T_cells"
"TCAGCCTTCCTCACTG-1","NSCLC",10956,3078,4.390288426433,"4","4","T_cells"
"TCAGTCCAGCAATTAG-1","NSCLC",8562,1990,4.95211399205793,"1","1","Epithelial_cells"
"TCAGTCCCAGTTTCAG-1","NSCLC",5050,1857,5.42574257425743,"2","2","T_cells"
"TCAGTCCTCGTGCACG-1","NSCLC",4778,1701,4.31142737547091,"5","5","T_cells"
"TCAGTGAGTGCCTACG-1","NSCLC",4231,1546,5.83786338926968,"5","5","T_cells"
"TCAGTTTCACATACTG-1","NSCLC",20513,4645,0.628869497391898,"0","0","Epithelial_cells"
"TCAGTTTGTAGGTTTC-1","NSCLC",3655,1516,3.31053351573187,"2","2","T_cells"
"TCATACTTCGTGCTCT-1","NSCLC",4415,1999,3.55605889014723,"1","1","Epithelial_cells"
"TCATATCCATACTTTC-1","NSCLC",6956,2929,2.44393329499712,"4","4","Macrophage"
"TCATATCTCACTTGGA-1","NSCLC",14167,3367,6.32455706924543,"4","4","Monocyte"
"TCATCATAGGCTAGCA-1","NSCLC",3930,1658,4.88549618320611,"2","2","T_cells"
"TCATCATGTCAAATCC-1","NSCLC",5989,1907,5.96092836867591,"5","5","T_cells"
"TCATCATGTGTGTCGC-1","NSCLC",4964,1067,9.08541498791297,"6","6","DC"
"TCATCCGAGTTTGAGA-1","NSCLC",5055,1618,3.22453016815035,"4","4","Macrophage"
"TCATCCGTCGTCGGGT-1","NSCLC",7290,2129,3.48422496570645,"2","2","T_cells"
"TCATGAGTCGAAGGAC-1","NSCLC",2537,1247,2.95624753646039,"2","2","T_cells"
"TCATGGACACAGTGAG-1","NSCLC",3075,1386,0.910569105691057,"2","2","T_cells"
"TCATGGAGTGTCATGT-1","NSCLC",7131,2783,0.476791473846585,"7","7","Tissue_stem_cells"
"TCATGGAGTTCCAGGC-1","NSCLC",6482,2457,0.138846035174329,"4","4","Macrophage"
"TCATGTTAGGATACCG-1","NSCLC",4873,1688,5.82803201313359,"2","2","T_cells"
"TCATGTTGTCGAATGG-1","NSCLC",17035,3489,9.58614616965072,"0","0","Epithelial_cells"
"TCATGTTGTGGACTAG-1","NSCLC",2147,1135,0.605496040987424,"3","3","T_cells"
"TCATTACAGGTACAAT-1","NSCLC",16186,3715,1.90287903126158,"4","4","Macrophage"
"TCATTACGTACAGAAT-1","NSCLC",3078,1308,3.7037037037037,"3","3","T_cells"
"TCATTACTCTCTATAC-1","NSCLC",5302,1950,4.54545454545455,"5","5","T_cells"
"TCATTCACATACTGTG-1","NSCLC",4696,1588,5.91993185689949,"3","3","T_cells"
"TCATTCATCCTACTGC-1","NSCLC",3530,1616,0.368271954674221,"5","5","T_cells"
"TCATTGTGTGTGCTTA-1","NSCLC",4023,1547,4.15113099676858,"3","3","T_cells"
"TCATTTGGTTAAAGTG-1","NSCLC",3102,1343,5.48033526756931,"2","2","T_cells"
"TCATTTGGTTCAATCG-1","NSCLC",18733,3476,1.37191053221588,"0","0","Epithelial_cells"
"TCATTTGTCAATGTCG-1","NSCLC",5542,1812,7.86719595813786,"2","2","T_cells"
"TCATTTGTCTTGGCTC-1","NSCLC",33299,5375,5.69386468062104,"0","0","Epithelial_cells"
"TCCACGTTCACGGGAA-1","NSCLC",1466,932,0.682128240109141,"3","3","T_cells"
"TCCACGTTCCAAGCAT-1","NSCLC",13022,3259,0.345569037014284,"4","4","Macrophage"
"TCCAGAAAGAGCCCAA-1","NSCLC",28487,5226,1.31990030540246,"1","1","Epithelial_cells"
"TCCAGAAAGGATTACA-1","NSCLC",4517,1308,4.0070843480186,"1","1","Epithelial_cells"
"TCCAGAACAAAGAACT-1","NSCLC",5666,1799,6.15954818213908,"7","7","Tissue_stem_cells"
"TCCATCGCAGCATTGT-1","NSCLC",4076,1655,8.95485770363101,"3","3","T_cells"
"TCCATCGTCGGCTGTG-1","NSCLC",2450,1047,0.285714285714286,"1","1","Epithelial_cells"
"TCCCAGTAGCTAAGTA-1","NSCLC",11079,2564,1.85937358967416,"8","8","Pre-B_cell_CD34-"
"TCCCAGTGTATTTCTC-1","NSCLC",6884,2306,2.51307379430564,"5","5","T_cells"
"TCCCATGAGACAAGCC-1","NSCLC",4360,1730,3.3256880733945,"1","1","Epithelial_cells"
"TCCCATGGTGACTCTA-1","NSCLC",4431,1528,4.24283457458813,"5","5","T_cells"
"TCCGAAAAGAACTGAT-1","NSCLC",25418,4504,1.25501613030136,"1","1","Epithelial_cells"
"TCCGATCGTACTAAGA-1","NSCLC",17748,3263,6.86837953572233,"4","4","Macrophage"
"TCCGATCTCAAAGCCT-1","NSCLC",2544,1137,5.58176100628931,"3","3","T_cells"
"TCCGGGATCAATGCAC-1","NSCLC",4848,1676,0.948844884488449,"3","3","T_cells"
"TCCGTGTGTGATGAAT-1","NSCLC",8701,2448,9.09090909090909,"0","0","Epithelial_cells"
"TCCTAATCAGCGTAGA-1","NSCLC",23681,4181,0.929014822009206,"1","1","Epithelial_cells"
"TCCTCCCCACTAGGTT-1","NSCLC",4376,1439,4.36471663619744,"3","3","T_cells"
"TCCTCCCGTATGATCC-1","NSCLC",4420,1818,3.0316742081448,"2","2","T_cells"
"TCCTCCCTCCTTGGAA-1","NSCLC",5302,1898,5.86571105243304,"4","4","B_cell"
"TCCTCCCTCCTTTAGT-1","NSCLC",34900,5527,3.17765042979943,"0","0","Epithelial_cells"
"TCCTCGAGTACCGTCG-1","NSCLC",18594,3793,4.55523287081854,"4","4","Monocyte"
"TCCTCGAGTGCGACAA-1","NSCLC",29319,4997,5.75735870936935,"0","0","Epithelial_cells"
"TCCTCGATCGCTCCTA-1","NSCLC",12478,2629,2.35614681840038,"8","8","B_cell"
"TCCTCTTGTTAGGCCC-1","NSCLC",5901,2244,2.9655990510083,"1","1","Neurons"
"TCCTGCATCTTGGAAC-1","NSCLC",8568,3092,1.21381886087768,"1","1","Epithelial_cells"
"TCGAACAGTAGGCTGA-1","NSCLC",3123,1205,0.576368876080692,"4","4","B_cell"
"TCGAAGTAGTCCCGGT-1","NSCLC",3416,1301,3.68852459016393,"2","2","NK_cell"
"TCGAAGTGTTATGTGC-1","NSCLC",16599,3918,6.28351105488282,"0","0","Epithelial_cells"
"TCGACCTGTAGGGAGG-1","NSCLC",12914,3238,8.58757937122503,"0","0","Epithelial_cells"
"TCGCAGGAGAGAGAAC-1","NSCLC",20768,4255,1.76714175654854,"0","0","Epithelial_cells"
"TCGCAGGAGCAATAAC-1","NSCLC",1675,834,4.23880597014925,"3","3","T_cells"
"TCGCAGGCACTTGGGC-1","NSCLC",18126,4227,0.717201809555335,"0","0","Epithelial_cells"
"TCGCAGGGTTATGTCG-1","NSCLC",5520,982,6.08695652173913,"6","6","NK_cell"
"TCGCTCATCACAAGAA-1","NSCLC",4320,1093,0.185185185185185,"0","0","Epithelial_cells"
"TCGGATAAGGACAGCT-1","NSCLC",2473,829,3.03275374039628,"1","1","Epithelial_cells"
"TCGGATAGTGGAACAC-1","NSCLC",1986,838,0.553877139979859,"2","2","NK_cell"
"TCGGGACCACGCACCA-1","NSCLC",9073,2843,2.18229912928469,"4","4","Monocyte"
"TCGGGCACAGCGTGAA-1","NSCLC",2897,1249,1.27718329306179,"2","2","NK_cell"
"TCGGGCAGTGCTCCGA-1","NSCLC",4018,1475,2.76256844201095,"5","5","T_cells"
"TCGGGCATCTTAAGGC-1","NSCLC",3435,1627,5.70596797671034,"2","2","T_cells"
"TCGGGTGAGCCTCACG-1","NSCLC",33727,5112,2.35123195066267,"1","1","Epithelial_cells"
"TCGGGTGTCGAGCCAC-1","NSCLC",3848,1221,5.58731808731809,"5","5","T_cells"
"TCGGTCTCATGGCGCT-1","NSCLC",2204,1037,5.98911070780399,"3","3","T_cells"
"TCGTAGAGTGCCTTCT-1","NSCLC",13388,3491,6.64774424858082,"1","1","T_cells"
"TCGTAGATCGATACGT-1","NSCLC",4718,1540,5.93471810089021,"4","4","B_cell"
"TCGTAGATCGCGTAGC-1","NSCLC",9578,2476,2.2656086865734,"4","4","Monocyte"
"TCGTCCAAGACGGATC-1","NSCLC",12773,3186,2.05120175369921,"4","4","Macrophage"
"TCGTGCTGTAGACTGG-1","NSCLC",4301,1487,5.20809114159498,"5","5","T_cells"
"TCGTGCTGTGTAACGG-1","NSCLC",10837,2698,4.80760358032666,"0","0","Epithelial_cells"
"TCTAACTAGTAAAGCT-1","NSCLC",1831,882,7.64609503003823,"3","3","T_cells"
"TCTAACTTCTACCTTA-1","NSCLC",4505,1171,1.90899001109878,"3","3","T_cells"
"TCTACATGTGGCCACT-1","NSCLC",3681,1532,8.28579190437381,"5","5","T_cells"
"TCTACCGCAATCCTTT-1","NSCLC",26376,5543,3.21504397937519,"0","0","Epithelial_cells"
"TCTACCGCAATTCTTC-1","NSCLC",5028,1886,3.71917263325378,"5","5","T_cells"
"TCTACCGCAGATTCGT-1","NSCLC",22866,4245,7.250940260649,"0","0","Epithelial_cells"
"TCTATACCAAAGCACG-1","NSCLC",24607,4994,3.46242939001097,"0","0","Epithelial_cells"
"TCTATCAAGGTTGAGC-1","NSCLC",4495,1303,4.89432703003337,"5","5","T_cells"
"TCTATCATCTAGGCCG-1","NSCLC",5159,1744,7.65652258189572,"4","4","Monocyte"
"TCTCACGCAATCCTTT-1","NSCLC",7807,2033,5.17484308953503,"4","4","B_cell"
"TCTCACGGTCTTACTT-1","NSCLC",7465,2591,4.91627595445412,"5","5","T_cells"
"TCTCACGTCCCTCTAG-1","NSCLC",27603,5310,3.85103068507046,"0","0","Epithelial_cells"
"TCTCAGCAGCGCATCC-1","NSCLC",26067,5246,5.91168910883493,"0","0","Epithelial_cells"
"TCTCAGCTCTTCTGTA-1","NSCLC",1442,863,2.01109570041609,"1","1","Epithelial_cells"
"TCTCCGACAAGCTACT-1","NSCLC",9425,2938,4.28647214854111,"1","1","T_cells"
"TCTCCGACATTCTCCG-1","NSCLC",18936,4732,4.82150401351922,"1","1","Epithelial_cells"
"TCTCCGATCCCATAAG-1","NSCLC",6056,2144,1.86591809775429,"5","5","T_cells"
"TCTCTGGGTTCATCGA-1","NSCLC",7782,2205,7.73580056540735,"0","0","Epithelial_cells"
"TCTGGCTAGATGACCG-1","NSCLC",26860,4464,5.12285927029039,"4","4","Macrophage"
"TCTGGCTGTGTAAATG-1","NSCLC",10265,3096,7.46225036531905,"1","1","Epithelial_cells"
"TCTGTCGTCACTAGCA-1","NSCLC",3010,1360,7.74086378737542,"2","2","T_cells"
"TCTGTCGTCATTTGTC-1","NSCLC",26610,5051,7.41826381059752,"1","1","Epithelial_cells"
"TCTGTCGTCGTAACAC-1","NSCLC",7389,1877,2.09771281634863,"1","1","Epithelial_cells"
"TCTTAGTAGGGTCAAC-1","NSCLC",16427,4108,0.280026785170755,"7","7","Fibroblasts"
"TCTTAGTCACATTGTG-1","NSCLC",3359,1430,4.64423935695147,"3","3","T_cells"
"TCTTGCGTCGACACTA-1","NSCLC",18901,4064,5.24839955557907,"4","4","Macrophage"
"TCTTTGACAATAAGGT-1","NSCLC",4587,1742,3.33551340745585,"5","5","T_cells"
"TGAATGCCAGGATTCT-1","NSCLC",1346,816,6.68647845468054,"1","1","Epithelial_cells"
"TGAATGCGTGTACAGG-1","NSCLC",3759,1335,2.2878425113062,"3","3","T_cells"
"TGACCCTCATACTTTC-1","NSCLC",10325,3237,1.57869249394673,"4","4","Monocyte"
"TGACTCCTCTAAGGAA-1","NSCLC",5001,1322,5.23895220955809,"2","2","T_cells"
"TGAGACTCATCGGCCA-1","NSCLC",3185,1198,4.64678178963893,"3","3","NK_cell"
"TGAGCATTCCAGCTCT-1","NSCLC",5819,1896,0.618663000515552,"4","4","Macrophage"
"TGAGGAGAGCGTTAGG-1","NSCLC",1171,710,0.939368061485909,"3","3","T_cells"
"TGAGGAGGTCGAAACG-1","NSCLC",26646,4886,7.52458155070179,"0","0","Epithelial_cells"
"TGAGGTTGTTGGCCTG-1","NSCLC",14186,3155,5.9988721274496,"4","4","Macrophage"
"TGAGGTTTCGATCCCT-1","NSCLC",10140,3054,6.02564102564103,"5","5","T_cells"
"TGAGTCAGTCTAGGTT-1","NSCLC",1788,739,1.62192393736018,"6","6","B_cell"
"TGAGTCATCGAGAAGC-1","NSCLC",6448,1706,3.36538461538462,"2","2","NK_cell"
"TGATCAGAGGAGTACC-1","NSCLC",25946,4128,2.74801510830186,"1","1","Epithelial_cells"
"TGATCTTAGTAGTCCT-1","NSCLC",2551,1141,0.588004704037632,"3","3","T_cells"
"TGATGCACAACTACGT-1","NSCLC",6585,1995,4.72285497342445,"5","5","T_cells"
"TGATGCACACTGTGAT-1","NSCLC",5995,1836,7.10592160133445,"2","2","NK_cell"
"TGATGCAGTCCGGACT-1","NSCLC",7657,2688,0.992555831265509,"5","5","T_cells"
"TGATGGTAGCGATTCT-1","NSCLC",10356,2484,9.90730011587486,"4","4","Macrophage"
"TGATGGTCACATAACC-1","NSCLC",7942,1668,0.151095441954168,"0","0","Epithelial_cells"
"TGATTCTGTACCACGC-1","NSCLC",4178,1704,5.26567735758736,"2","2","T_cells"
"TGATTTCGTCTTCCGT-1","NSCLC",4336,1346,6.34225092250923,"3","3","T_cells"
"TGCACGGTCATCGACA-1","NSCLC",4701,1935,5.31801744309721,"2","2","T_cells"
"TGCAGATCACTTCCTG-1","NSCLC",19095,3557,5.60879811468971,"4","4","Macrophage"
"TGCAGGCGTACTCAAC-1","NSCLC",5355,1963,2.87581699346405,"1","1","iPS_cells"
"TGCAGGCTCCTTCTGG-1","NSCLC",5334,1850,3.48706411698538,"5","5","T_cells"
"TGCAGTAGTGCGGATA-1","NSCLC",5564,2031,4.04385334291876,"2","2","T_cells"
"TGCAGTATCATCCTGC-1","NSCLC",6039,1708,2.43417784401391,"3","3","T_cells"
"TGCAGTATCTGGGCGT-1","NSCLC",33286,5604,3.70125578321216,"0","0","Epithelial_cells"
"TGCGACGGTTTCGTGA-1","NSCLC",6089,2357,1.70799802923304,"0","0","Epithelial_cells"
"TGCGATAAGTCAACAA-1","NSCLC",2006,1073,1.4456630109671,"2","2","T_cells"
"TGCGATAGTAGGTAGC-1","NSCLC",19724,3842,1.26749138105861,"1","1","Epithelial_cells"
"TGCTCCACAGTTAGAA-1","NSCLC",1509,813,0.662690523525513,"1","1","Epithelial_cells"
"TGCTCCATCGGACGTC-1","NSCLC",3459,1386,3.87395200925123,"3","3","T_cells"
"TGCTCGTAGCAATTAG-1","NSCLC",18399,3454,6.0709821185934,"4","4","Monocyte"
"TGCTGAATCCCTTGTG-1","NSCLC",3081,1529,0.908795845504706,"3","3","T_cells"
"TGCTTCGAGCCTATTG-1","NSCLC",22441,4482,4.9997771935297,"4","4","Monocyte"
"TGCTTCGGTGCCGTAC-1","NSCLC",3909,1457,6.01176771552827,"2","2","T_cells"
"TGCTTCGTCATAGCAC-1","NSCLC",21391,3975,5.1423495862746,"0","0","Epithelial_cells"
"TGCTTCGTCGATTGAC-1","NSCLC",25257,4892,3.30601417428832,"7","7","Tissue_stem_cells"
"TGCTTGCTCCCAGGAC-1","NSCLC",20633,4965,4.57519507584937,"4","4","Monocyte"
"TGCTTGCTCTCCTGAC-1","NSCLC",4930,1777,3.50912778904665,"2","2","T_cells"
"TGCTTGCTCTTTCCGG-1","NSCLC",35298,5922,5.49039605643379,"0","0","Epithelial_cells"
"TGGAACTCAGGAGACT-1","NSCLC",9876,1540,0.232887808829486,"6","6","B_cell"
"TGGAACTGTTACGTAC-1","NSCLC",23921,4617,4.14280339450692,"1","1","Epithelial_cells"
"TGGATCAAGCGGACAT-1","NSCLC",19054,3854,4.06213918337357,"0","0","Epithelial_cells"
"TGGATCATCAGCTCTC-1","NSCLC",21998,4812,6.0187289753614,"0","0","Epithelial_cells"
"TGGATGTCATAACCCA-1","NSCLC",1249,652,4.16333066453163,"1","1","Epithelial_cells"
"TGGATGTTCACAAGAA-1","NSCLC",2840,1258,4.92957746478873,"2","2","T_cells"
"TGGGAAGCACCATAAC-1","NSCLC",36440,5422,5.39517014270033,"0","0","Epithelial_cells"
"TGGGAAGGTGGCCACT-1","NSCLC",8322,3022,4.87863494352319,"7","7","Tissue_stem_cells"
"TGGGAAGTCTTCGATT-1","NSCLC",24163,4765,4.76348135579191,"0","0","Epithelial_cells"
"TGGGATTAGCGTGAAC-1","NSCLC",35862,5098,0.209135017567341,"1","1","Epithelial_cells"
"TGGGCGTAGATCACCT-1","NSCLC",24156,5462,0.240105977810896,"0","0","Epithelial_cells"
"TGGGCTGAGATAACGT-1","NSCLC",3967,1497,1.966221325939,"1","1","iPS_cells"
"TGGGCTGGTCACTTCC-1","NSCLC",6717,2178,4.60026797677535,"4","4","Monocyte"
"TGGGCTGGTTCTAACG-1","NSCLC",15468,3281,0.181018877682958,"0","0","Epithelial_cells"
"TGGGCTGTCAGCAGAG-1","NSCLC",5313,1738,5.23244871070958,"3","3","T_cells"
"TGGGCTGTCGTGTGAT-1","NSCLC",7518,2148,0.558659217877095,"0","0","Epithelial_cells"
"TGGGTTAAGCGCCGTT-1","NSCLC",13983,2736,4.83444182221269,"4","4","Monocyte"
"TGGGTTAAGTTGCCTA-1","NSCLC",4485,1467,2.87625418060201,"3","3","T_cells"
"TGGTACATCCTACCGT-1","NSCLC",9018,2509,4.42448436460413,"2","2","T_cells"
"TGGTAGTCAAGATGGC-1","NSCLC",17731,3721,9.7174440245897,"0","0","Epithelial_cells"
"TGGTAGTGTGTTGCCG-1","NSCLC",37738,5785,5.85086650060947,"0","0","Epithelial_cells"
"TGGTAGTTCCTTCAGC-1","NSCLC",22602,4107,5.98177152464384,"4","4","Macrophage"
"TGGTTAGGTGCCGGTT-1","NSCLC",23706,4458,4.13819286256644,"0","0","Epithelial_cells"
"TGTAACGCAAATCGTC-1","NSCLC",20425,3760,2.13463892288862,"0","0","Epithelial_cells"
"TGTAAGCCATTGCTTT-1","NSCLC",28073,4943,5.79204217575606,"0","0","Epithelial_cells"
"TGTCAGAAGAGTGGCT-1","NSCLC",7368,2384,4.31596091205212,"7","7","Tissue_stem_cells"
"TGTCAGAAGTATGAAC-1","NSCLC",34978,5778,1.9726685345074,"0","0","Epithelial_cells"
"TGTCCACCAGATTAAG-1","NSCLC",11083,3085,9.35667238112424,"0","0","Epithelial_cells"
"TGTCCCAGTATACCCA-1","NSCLC",7124,1989,2.17574396406513,"1","1","Epithelial_cells"
"TGTCCTGTCACTCGAA-1","NSCLC",2792,1258,5.05014326647565,"5","5","T_cells"
"TGTGAGTTCGAACCAT-1","NSCLC",4360,1608,2.52293577981651,"3","3","T_cells"
"TGTGATGTCCCTCTCC-1","NSCLC",25386,5339,2.1704876703695,"0","0","Epithelial_cells"
"TGTGGCGAGTAAGACT-1","NSCLC",6323,1745,3.47936106278665,"4","4","Monocyte"
"TGTGGCGCACGTTCGG-1","NSCLC",17706,3788,1.23686885801423,"1","1","Epithelial_cells"
"TGTGGCGGTGAGCTCC-1","NSCLC",9844,2969,1.71678179601788,"1","1","Epithelial_cells"
"TGTGTGACAAACACGG-1","NSCLC",32506,5471,0.766012428474743,"1","1","Epithelial_cells"
"TGTGTGAGTCGCTCGA-1","NSCLC",14683,3185,2.39051964857318,"0","0","Epithelial_cells"
"TGTGTGAGTCTGCAAT-1","NSCLC",4300,1599,2.27906976744186,"2","2","T_cells"
"TGTGTGAGTGGGACAT-1","NSCLC",4063,1526,1.72286487816884,"1","1","Epithelial_cells"
"TGTGTGATCCATGCAA-1","NSCLC",17892,3763,0.491839928459647,"0","0","Epithelial_cells"
"TGTTGAGAGGTGCGAT-1","NSCLC",3007,1274,4.15696707682075,"2","2","T_cells"
"TGTTGAGAGTAGGGTC-1","NSCLC",9609,2701,7.93006556353419,"0","0","Epithelial_cells"
"TGTTGAGGTACCTGTA-1","NSCLC",5446,1859,4.09474843922145,"2","2","NK_cell"
"TGTTGGATCTTCCACG-1","NSCLC",3365,1243,5.97325408618128,"2","2","NK_cell"
"TGTTTGTCAGTGACCC-1","NSCLC",16158,3671,0.222799851466766,"0","0","Epithelial_cells"
"TGTTTGTTCCTTGGAA-1","NSCLC",4007,1741,3.7684052907412,"5","5","T_cells"
"TTAATCCAGGATACAT-1","NSCLC",9258,2844,0.777705767984446,"1","1","Epithelial_cells"
"TTAATCCTCTCCCAAC-1","NSCLC",16716,3953,1.08877721943049,"0","0","Epithelial_cells"
"TTACAGGGTACTGGGA-1","NSCLC",2774,757,5.19105984138428,"6","6","B_cell"
"TTACCATTCCATTGTT-1","NSCLC",13369,3599,7.07607150871419,"0","0","Epithelial_cells"
"TTACCGCGTTCCTACC-1","NSCLC",12694,3345,3.86009138175516,"7","7","Tissue_stem_cells"
"TTACGCCAGGTAAGTT-1","NSCLC",21367,4716,3.21523845181822,"1","1","Epithelial_cells"
"TTACGCCCATAACAGA-1","NSCLC",3886,1416,4.81214616572311,"1","1","Epithelial_cells"
"TTACGCCTCCGCGGAT-1","NSCLC",19937,3114,8.60209660430356,"0","0","Epithelial_cells"
"TTACGTTGTAGACTGG-1","NSCLC",13456,3071,0.832342449464923,"0","0","Epithelial_cells"
"TTACGTTTCTGCTTAT-1","NSCLC",4304,1681,3.48513011152416,"3","3","T_cells"
"TTAGGCAAGGATTCCT-1","NSCLC",28128,4921,2.74815130830489,"0","0","Epithelial_cells"
"TTAGGCAGTGACACAG-1","NSCLC",3958,1660,1.01061141990905,"2","2","T_cells"
"TTAGGCATCTTGGAAC-1","NSCLC",12100,3437,6.73553719008265,"1","1","T_cells"
"TTCAATCTCAACGTGT-1","NSCLC",10991,1451,0.282048949140206,"6","6","DC"
"TTCACCGCATGACACT-1","NSCLC",7769,2435,4.9427210709229,"4","4","Monocyte"
"TTCACGCCATTGGGAG-1","NSCLC",9035,2374,0.0996126175982291,"0","0","Epithelial_cells"
"TTCATGTTCACCCTGT-1","NSCLC",26164,5279,3.90613056107629,"1","1","Epithelial_cells"
"TTCCAATGTGATGTAA-1","NSCLC",2896,1225,4.73066298342541,"1","1","Epithelial_cells"
"TTCCACGCATCTTAGG-1","NSCLC",5545,2125,0.685302073940487,"3","3","T_cells"
"TTCCGGTTCATAGACC-1","NSCLC",2364,1202,0.803722504230118,"2","2","T_cells"
"TTCCGTGAGCGAGTCA-1","NSCLC",4497,1734,9.22837447187014,"2","2","T_cells"
"TTCCTCTAGAATCGCG-1","NSCLC",1708,686,7.96252927400468,"6","6","B_cell"
"TTCCTCTTCCTCAGAA-1","NSCLC",16857,3910,0.61695438096933,"0","0","Epithelial_cells"
"TTCCTTCCAACCGTAT-1","NSCLC",3825,1676,4.54901960784314,"2","2","T_cells"
"TTCGATTAGCACTAGG-1","NSCLC",10536,3137,5.07782839787396,"4","4","Monocyte"
"TTCGATTAGCAGTCTT-1","NSCLC",8838,2953,5.81579542883005,"1","1","Epithelial_cells"
"TTCGATTAGGCCTAGA-1","NSCLC",1139,638,0.614574187884109,"1","1","HSC_CD34+"
"TTCTAACAGTCACTAC-1","NSCLC",15545,3800,9.84882598906401,"0","0","Epithelial_cells"
"TTCTCTCCATGGCTGC-1","NSCLC",9757,2707,2.16254996412832,"1","1","Epithelial_cells"
"TTCTCTCTCCACGTCT-1","NSCLC",2637,1240,0.606750094804702,"3","3","T_cells"
"TTCTGTACATATACCG-1","NSCLC",17661,4219,3.31238321725837,"0","0","Epithelial_cells"
"TTCTGTAGTAACAGTA-1","NSCLC",2756,1215,8.20029027576197,"2","2","T_cells"
"TTCTTGAAGCGGTAAC-1","NSCLC",3839,1636,4.74081792133368,"4","4","Macrophage"
"TTCTTGACAGAGTGAC-1","NSCLC",6025,2176,2.30705394190871,"0","0","Epithelial_cells"
"TTGAACGAGAAGCTGC-1","NSCLC",21993,1901,1.79147910698859,"6","6","B_cell"
"TTGAACGCATACGCAT-1","NSCLC",3582,1598,0.418760469011725,"2","2","NK_cell"
"TTGAACGGTGTGTGGA-1","NSCLC",4741,1710,5.0200379666737,"5","5","T_cells"
"TTGAACGGTTCAGCTA-1","NSCLC",37257,5757,3.33896985801326,"0","0","Epithelial_cells"
"TTGACCCTCCGTTGAA-1","NSCLC",5792,2263,2.36533149171271,"2","2","NK_cell"
"TTGAGTGGTCTACGAT-1","NSCLC",30877,5806,0.378922822813097,"1","1","Epithelial_cells"
"TTGAGTGGTCTTGCTC-1","NSCLC",1678,803,5.12514898688915,"1","1","Epithelial_cells"
"TTGATGGAGACGCAGT-1","NSCLC",4683,1609,7.87956438180653,"7","7","Tissue_stem_cells"
"TTGATGGCAATAACCC-1","NSCLC",3411,1510,5.10114335971856,"3","3","T_cells"
"TTGCATTTCTATACGG-1","NSCLC",4118,1674,5.43953375424964,"2","2","T_cells"
"TTGCATTTCTCCTGTG-1","NSCLC",3695,1401,3.43707713125846,"3","3","T_cells"
"TTGCGTCAGTGGAATT-1","NSCLC",5237,1988,3.22703838075234,"5","5","T_cells"
"TTGCTGCAGCGGGTTA-1","NSCLC",4758,1992,0.840689365279529,"1","1","Epithelial_cells"
"TTGGATGGTCTCCCTA-1","NSCLC",2475,1120,1.13131313131313,"3","3","T_cells"
"TTGGGTAAGCCGAACA-1","NSCLC",5291,1780,5.02740502740503,"5","5","T_cells"
"TTGGGTACATACCACA-1","NSCLC",19919,4551,1.13459511019629,"0","0","Epithelial_cells"
"TTGGGTACATGACGAG-1","NSCLC",3914,1476,4.77772100153296,"5","5","T_cells"
"TTGGTTTCAGATTCGT-1","NSCLC",5132,1399,3.07872174590803,"3","3","NK_cell"
"TTGGTTTGTCACCGCA-1","NSCLC",18565,4579,4.88553730137355,"1","1","Epithelial_cells"
"TTGGTTTGTCTGCAAT-1","NSCLC",3164,912,6.66877370417193,"6","6","B_cell"
"TTGGTTTTCCCGTGAG-1","NSCLC",1732,965,8.83371824480369,"3","3","T_cells"
"TTGTGTTTCCATTGTT-1","NSCLC",3952,1357,2.32793522267206,"3","3","T_cells"
"TTGTGTTTCCCGTGTT-1","NSCLC",12183,3129,0.418616104407781,"0","0","Epithelial_cells"
"TTGTGTTTCCGTGCGA-1","NSCLC",3238,1367,7.3810994441013,"2","2","T_cells"
"TTGTTCACAGATACTC-1","NSCLC",36911,5804,3.61951721708976,"0","0","Epithelial_cells"
"TTGTTCATCGGAAGGT-1","NSCLC",13623,3606,1.56353226161638,"0","0","Epithelial_cells"
"TTGTTGTCAAGTGGTG-1","NSCLC",13420,3127,1.99701937406855,"0","0","Epithelial_cells"
"TTGTTGTTCCCATAAG-1","NSCLC",12195,2794,0.43460434604346,"1","1","Epithelial_cells"
"TTGTTTGAGGTTAAAC-1","NSCLC",25648,5284,4.44479101684342,"0","0","Epithelial_cells"
"TTGTTTGCACTATCGA-1","NSCLC",16502,4305,2.46636771300448,"7","7","Tissue_stem_cells"
"TTGTTTGGTGAAGCTG-1","NSCLC",24181,4529,2.76663496133328,"0","0","Epithelial_cells"
"TTTACCAGTAGCGTCC-1","NSCLC",1716,734,8.15850815850816,"6","6","B_cell"
"TTTACGTTCTTGGAAC-1","NSCLC",5385,1105,6.70380687093779,"6","6","B_cell"
"TTTACTGGTAATCAGA-1","NSCLC",31447,5567,2.62346169745922,"1","1","Epithelial_cells"
"TTTAGTCCACGTTCGG-1","NSCLC",14199,3909,0.831044439749278,"0","0","Epithelial_cells"
"TTTATGCCATTGAAGA-1","NSCLC",32973,5646,3.83343948078731,"0","0","Epithelial_cells"
"TTTATGCTCGCAATGT-1","NSCLC",3729,1328,2.7621346205417,"0","0","Epithelial_cells"
"TTTCACAAGAGCACTG-1","NSCLC",5986,1885,9.17139993317741,"2","2","NK_cell"
"TTTCACACATAGATGA-1","NSCLC",2790,1235,7.06093189964158,"3","3","T_cells"
"TTTCACAGTAGATCGG-1","NSCLC",32447,5049,5.58757358153296,"0","0","Epithelial_cells"
"TTTCACAGTATCAAGA-1","NSCLC",5007,1783,7.22987817056121,"2","2","NK_cell"
"TTTCACATCGCCTATC-1","NSCLC",14727,3879,7.129761662253,"1","1","Epithelial_cells"
"TTTCACATCTGAGAGG-1","NSCLC",2894,1281,3.62819626814098,"1","1","Epithelial_cells"
"TTTCAGTAGAGGTCAC-1","NSCLC",12066,3524,0.447538538040776,"4","4","Monocyte"
"TTTCATGTCTTGGCTC-1","NSCLC",27777,5628,5.30654858336033,"1","1","Epithelial_cells"
"TTTGGAGAGAGTCGAC-1","NSCLC",1783,911,6.39371845204711,"2","2","NK_cell"
"TTTGGAGCAGCCGTTG-1","NSCLC",5179,1667,5.52230160262599,"2","2","NK_cell"
"TTTGTTGAGTGGAATT-1","NSCLC",5235,1766,8.17574021012416,"4","4","Monocyte"
"TTTGTTGCAGGACGAT-1","NSCLC",1369,788,4.23666910153397,"3","3","T_cells"
